make,model,year,mileage,fuel,body,no_accidents,price,currency
volkswagen,golf,2007,211000,diesel,kompakt,True,18800,PLN
volkswagen,golf,2004,205000,benzyna,kompakt,True,14900,PLN
volkswagen,golf,2011,155000,benzyna,kompakt,True,28900,PLN
volkswagen,golf,2017,8000,benzyna,kompakt,True,137900,PLN
volkswagen,golf,2007,181205,benzyna,kompakt,False,6000,PLN
volkswagen,golf,2013,14635,benzyna,kompakt,False,58500,PLN
volkswagen,golf,2006,170000,diesel,kompakt,False,15700,PLN
volkswagen,golf,2018,1,benzyna,kompakt,True,178900,PLN
volkswagen,golf,2018,1,diesel,kombi,True,76900,PLN
volkswagen,golf,2018,1,benzyna,kompakt,True,91900,PLN
volkswagen,golf,2002,258418,diesel,kombi,True,6400,PLN
volkswagen,golf,2014,256000,diesel,kompakt,False,31900,PLN
volkswagen,golf,2007,200800,benzyna,kompakt,True,21900,PLN
volkswagen,golf,2013,118000,diesel,kompakt,False,49600,PLN
volkswagen,golf,2018,1,benzyna,kompakt,True,172900,PLN
volkswagen,golf,2009,111000,benzyna,kompakt,False,24900,PLN
volkswagen,golf,2018,5,benzyna,kompakt,True,139900,PLN
volkswagen,golf,2018,5,benzyna,kompakt,True,90500,PLN
volkswagen,golf,2018,5,benzyna,kompakt,True,87200,PLN
volkswagen,golf,2018,5,benzyna,kombi,True,91100,PLN
volkswagen,golf,2018,5,benzyna,kombi,True,85900,PLN
volkswagen,golf,2018,5,benzyna,kompakt,True,95900,PLN
volkswagen,golf,2009,214145,diesel,kombi,True,19950,PLN
volkswagen,golf,2015,167000,diesel,kombi,True,42900,PLN
volkswagen,golf,2015,99520,diesel,kombi,True,49900,PLN
volkswagen,golf,2005,230000,benzyna,kompakt,False,25000,PLN
volkswagen,golf,2009,159000,diesel,kompakt,True,26000,PLN
volkswagen,golf,2010,250000,diesel,kompakt,True,24999,PLN
volkswagen,golf,2004,336000,diesel,kompakt,False,11500,PLN
volkswagen,golf,2015,148644,diesel,kombi,False,34958,PLN
volkswagen,golf,2015,19300,diesel,kompakt,True,74790,PLN
volkswagen,golf,2007,207000,diesel,kompakt,False,14900,PLN
volkswagen,golf,2015,29800,diesel,auta_miejskie,False,69900,PLN
volkswagen,golf,2006,150000,benzyna,auta_miejskie,False,14500,PLN
volkswagen,golf,2004,200000,diesel,kompakt,True,12900,PLN
volkswagen,golf,2008,250000,diesel,kombi,True,16500,PLN
volkswagen,golf,2018,4500,benzyna,kombi,True,88900,PLN
volkswagen,golf,2007,193000,benzyna+lpg,kompakt,False,15500,PLN
volkswagen,golf,2004,218000,benzyna,kombi,False,9999,PLN
volkswagen,golf,2001,253000,benzyna,kompakt,False,7700,PLN
volkswagen,golf,2013,169000,diesel,kombi,False,45000,PLN
volkswagen,golf,2018,5,benzyna,kompakt,True,80300,PLN
volkswagen,golf,2015,114537,diesel,kombi,False,56900,PLN
volkswagen,golf,2011,179000,diesel,kombi,True,29000,PLN
volkswagen,golf,2017,32890,diesel,kombi,True,60900,PLN
volkswagen,golf,2018,1,benzyna,kompakt,True,63900,PLN
volkswagen,golf,2008,184680,diesel,kombi,True,17770,PLN
volkswagen,golf,2017,42870,diesel,kombi,True,60900,PLN
volkswagen,golf,2017,1,diesel,kompakt,True,69900,PLN
volkswagen,golf,2018,10,benzyna,kompakt,True,86841,PLN
volkswagen,golf,2017,10,diesel,kompakt,True,133000,PLN
volkswagen,golf,2017,10,diesel,kompakt,True,146300,PLN
volkswagen,golf,2017,10,diesel,kompakt,True,147500,PLN
volkswagen,golf,2017,10,diesel,kompakt,True,139900,PLN
volkswagen,golf,2017,10,diesel,kompakt,True,144700,PLN
volkswagen,golf,2018,10,diesel,kompakt,True,104000,PLN
volkswagen,golf,2018,10,benzyna,kompakt,True,142700,PLN
volkswagen,golf,2018,10,benzyna,kompakt,True,199900,PLN
volkswagen,golf,2008,127214,benzyna,kompakt,False,25500,PLN
volkswagen,golf,2018,1,diesel,kombi,True,110750,PLN
volkswagen,golf,2018,1,diesel,kombi,True,102200,PLN
volkswagen,golf,2018,1,benzyna,kombi,True,85900,PLN
volkswagen,golf,2007,168450,benzyna,kompakt,True,15600,PLN
volkswagen,golf,2018,5,benzyna,kompakt,True,153208,PLN
volkswagen,golf,2018,5,benzyna,kompakt,True,200233,PLN
volkswagen,golf,2018,5,diesel,kombi,True,134832,PLN
volkswagen,golf,2018,5,benzyna,kombi,True,113420,PLN
volkswagen,golf,2018,5,benzyna,kombi,True,90800,PLN
volkswagen,golf,2018,5,benzyna,kompakt,True,75582,PLN
volkswagen,golf,2018,5,benzyna,kombi,True,88900,PLN
volkswagen,golf,2017,20000,benzyna,kompakt,True,68100,PLN
volkswagen,golf,2009,219000,benzyna,kompakt,True,21500,PLN
volkswagen,golf,2010,89200,benzyna,kompakt,False,26500,PLN
volkswagen,golf,2008,177000,diesel,auta_miejskie,False,21700,PLN
volkswagen,golf,2018,1,diesel,kombi,True,135900,PLN
volkswagen,golf,2009,139970,benzyna,kombi,False,28900,PLN
volkswagen,golf,2014,110000,diesel,kombi,False,17900,PLN
volkswagen,golf,2016,50000,diesel,kombi,False,30900,PLN
volkswagen,golf,2018,7,benzyna,kombi,True,95374,PLN
volkswagen,golf,2010,160000,diesel,kompakt,True,21900,PLN
volkswagen,golf,2008,57000,diesel,kompakt,True,29500,PLN
volkswagen,golf,2006,236500,diesel,kompakt,True,18700,PLN
volkswagen,golf,2014,128023,diesel,kombi,False,34145,PLN
volkswagen,golf,2017,44500,diesel,kombi,True,100990,PLN
volkswagen,golf,2008,184000,diesel,kompakt,True,23600,PLN
volkswagen,golf,2015,109036,diesel,kombi,True,42700,PLN
volkswagen,golf,2015,109036,diesel,kombi,True,42700,PLN
volkswagen,golf,2014,103039,diesel,kompakt,True,37900,PLN
volkswagen,golf,2018,1,benzyna,kompakt,True,73900,PLN
volkswagen,golf,2009,190000,benzyna+lpg,kompakt,True,29900,PLN
volkswagen,golf,2014,78000,benzyna,kompakt,True,54900,PLN
volkswagen,golf,2017,12000,benzyna,auta_miejskie,True,67000,PLN
volkswagen,golf,2018,1,benzyna,kombi,True,124900,PLN
volkswagen,golf,1999,241000,benzyna,kompakt,False,5500,PLN
volkswagen,golf,1999,218000,benzyna,auta_miejskie,True,5800,PLN
volkswagen,golf,2012,295916,diesel,kombi,False,26999,PLN
volkswagen,golf,2001,184004,benzyna,kompakt,True,7999,PLN
volkswagen,golf,2014,138096,diesel,kombi,False,49900,PLN
volkswagen,golf,2017,26563,benzyna,kompakt,False,75900,PLN
volkswagen,golf,2009,143601,benzyna,kompakt,False,46000,PLN
volkswagen,golf,2017,5,benzyna,kombi,True,89900,PLN
volkswagen,golf,2018,5,benzyna,kompakt,True,90400,PLN
volkswagen,golf,2008,99000,benzyna,kompakt,True,29900,PLN
volkswagen,golf,2016,46195,benzyna,kompakt,False,62901,PLN
volkswagen,golf,2015,143000,diesel,kombi,True,53000,PLN
volkswagen,golf,2018,1,benzyna,kompakt,True,112900,PLN
volkswagen,golf,2018,5,benzyna,kombi,True,86940,PLN
volkswagen,golf,2015,87000,diesel,kompakt,True,42500,PLN
volkswagen,golf,2014,172720,diesel,kombi,True,53900,PLN
volkswagen,golf,2013,107000,diesel,kombi,True,40800,PLN
volkswagen,golf,2015,120897,diesel,kombi,False,46900,PLN
volkswagen,golf,2016,75900,benzyna,kompakt,True,46990,PLN
volkswagen,golf,2014,193000,diesel,kombi,True,32000,PLN
volkswagen,golf,2018,1,diesel,kombi,True,102900,PLN
volkswagen,golf,2018,1,benzyna,kompakt,True,69990,PLN
volkswagen,golf,2018,1,benzyna,kombi,True,84900,PLN
volkswagen,golf,2018,1,diesel,kompakt,True,139900,PLN
volkswagen,golf,2001,362700,diesel,kompakt,True,10900,PLN
volkswagen,golf,1999,234000,benzyna,kompakt,False,4900,PLN
volkswagen,golf,2009,126548,benzyna,kompakt,True,28800,PLN
volkswagen,golf,2015,112000,diesel,kombi,True,50900,PLN
volkswagen,golf,2013,75738,benzyna,kompakt,True,39000,PLN
volkswagen,golf,2017,3600,benzyna,kompakt,True,164900,PLN
volkswagen,golf,2004,166061,benzyna,kompakt,True,17900,PLN
volkswagen,golf,2005,129183,benzyna,kompakt,False,18700,PLN
volkswagen,golf,2011,121422,diesel,kompakt,False,30000,PLN
volkswagen,golf,2010,84895,diesel,kompakt,True,28000,PLN
volkswagen,golf,2016,8500,benzyna,kompakt,True,77900,PLN
volkswagen,golf,2014,198200,benzyna,kompakt,True,31700,PLN
volkswagen,golf,2011,280000,diesel,kombi,True,19600,PLN
volkswagen,golf,2013,117000,benzyna,kompakt,False,60900,PLN
volkswagen,golf,2008,288500,diesel,kombi,True,16500,PLN
volkswagen,golf,2014,162010,diesel,kombi,True,39900,PLN
volkswagen,golf,2013,299000,diesel,kompakt,True,32500,PLN
volkswagen,golf,2013,175000,diesel,kombi,True,46900,PLN
volkswagen,golf,2017,3,benzyna,kompakt,True,176000,PLN
volkswagen,golf,2010,77000,benzyna,kompakt,True,32500,PLN
volkswagen,golf,2003,273000,diesel,kompakt,True,7900,PLN
volkswagen,golf,2003,279000,diesel,kompakt,True,9300,PLN
volkswagen,golf,2000,263000,benzyna,kombi,True,5900,PLN
volkswagen,golf,2017,5,benzyna,kombi,True,89900,PLN
volkswagen,golf,2018,1,diesel,kompakt,True,121000,PLN
volkswagen,golf,2015,91000,diesel,kombi,True,48900,PLN
volkswagen,golf,2009,67175,benzyna,kompakt,False,31000,PLN
volkswagen,golf,2008,117276,benzyna,kompakt,False,23000,PLN
volkswagen,golf,2012,136000,diesel,kompakt,False,11900,PLN
volkswagen,golf,2011,155100,diesel,kombi,True,33900,PLN
volkswagen,golf,2018,1,benzyna,kompakt,True,152900,PLN
volkswagen,golf,2013,76111,benzyna,kompakt,False,35900,PLN
volkswagen,golf,2004,115000,benzyna,kompakt,False,14700,PLN
volkswagen,golf,2010,106846,benzyna,kompakt,True,31000,PLN
volkswagen,golf,2017,38905,benzyna,kompakt,True,78999,PLN
volkswagen,golf,2014,141011,diesel,kombi,False,32113,PLN
volkswagen,golf,2014,138798,diesel,kombi,True,31300,PLN
volkswagen,golf,2017,16500,benzyna,kompakt,True,78999,PLN
volkswagen,golf,2011,117687,diesel,kompakt,True,31500,PLN
volkswagen,golf,2013,93000,diesel,kombi,False,42900,PLN
volkswagen,golf,2011,121000,benzyna,kompakt,False,32400,PLN
volkswagen,golf,2011,148000,diesel,kombi,True,25900,PLN
volkswagen,golf,2007,161184,diesel,kompakt,False,16400,PLN
volkswagen,golf,2005,174000,benzyna,kompakt,True,14800,PLN
volkswagen,golf,2001,165000,benzyna,auta_miejskie,False,6300,PLN
volkswagen,golf,2007,211000,diesel,kompakt,True,18800,PLN
volkswagen,golf,2004,205000,benzyna,kompakt,True,14900,PLN
volkswagen,golf,2011,155000,benzyna,kompakt,True,28900,PLN
volkswagen,golf,2017,8000,benzyna,kompakt,True,137900,PLN
volkswagen,golf,2007,181205,benzyna,kompakt,False,6000,PLN
volkswagen,golf,2013,14635,benzyna,kompakt,False,58500,PLN
volkswagen,golf,2006,170000,diesel,kompakt,False,15700,PLN
volkswagen,golf,2018,1,benzyna,kompakt,True,178900,PLN
volkswagen,golf,2018,1,diesel,kombi,True,76900,PLN
volkswagen,golf,2018,1,benzyna,kompakt,True,91900,PLN
volkswagen,golf,2002,258418,diesel,kombi,True,6400,PLN
volkswagen,golf,2014,256000,diesel,kompakt,False,31900,PLN
volkswagen,golf,2007,200800,benzyna,kompakt,True,21900,PLN
volkswagen,golf,2013,118000,diesel,kompakt,False,49600,PLN
volkswagen,golf,2018,1,benzyna,kompakt,True,172900,PLN
volkswagen,golf,2009,111000,benzyna,kompakt,False,24900,PLN
volkswagen,golf,2018,5,benzyna,kompakt,True,139900,PLN
volkswagen,golf,2018,5,benzyna,kompakt,True,90500,PLN
volkswagen,golf,2018,5,benzyna,kompakt,True,87200,PLN
volkswagen,golf,2018,5,benzyna,kombi,True,91100,PLN
volkswagen,golf,2018,5,benzyna,kombi,True,85900,PLN
volkswagen,golf,2018,5,benzyna,kompakt,True,95900,PLN
volkswagen,golf,2009,214145,diesel,kombi,True,19950,PLN
volkswagen,golf,2015,167000,diesel,kombi,True,42900,PLN
volkswagen,golf,2015,99520,diesel,kombi,True,49900,PLN
volkswagen,golf,2005,230000,benzyna,kompakt,False,25000,PLN
volkswagen,golf,2009,159000,diesel,kompakt,True,26000,PLN
volkswagen,golf,2010,250000,diesel,kompakt,True,24999,PLN
volkswagen,golf,2004,336000,diesel,kompakt,False,11500,PLN
volkswagen,golf,2015,148644,diesel,kombi,False,34958,PLN
volkswagen,golf,2005,174000,benzyna,kompakt,True,14800,PLN
volkswagen,golf,2001,165000,benzyna,auta_miejskie,False,6300,PLN
volkswagen,golf,2007,211000,diesel,kompakt,True,18800,PLN
volkswagen,golf,2004,205000,benzyna,kompakt,True,14900,PLN
volkswagen,golf,2011,155000,benzyna,kompakt,True,28900,PLN
volkswagen,golf,2017,8000,benzyna,kompakt,True,137900,PLN
volkswagen,golf,2007,181205,benzyna,kompakt,False,6000,PLN
volkswagen,golf,2013,14635,benzyna,kompakt,False,58500,PLN
volkswagen,golf,2006,170000,diesel,kompakt,False,15700,PLN
volkswagen,golf,2018,1,benzyna,kompakt,True,178900,PLN
volkswagen,golf,2018,1,diesel,kombi,True,76900,PLN
volkswagen,golf,2018,1,benzyna,kompakt,True,91900,PLN
volkswagen,golf,2002,258418,diesel,kombi,True,6400,PLN
volkswagen,golf,2014,256000,diesel,kompakt,False,31900,PLN
volkswagen,golf,2007,200800,benzyna,kompakt,True,21900,PLN
volkswagen,golf,2013,118000,diesel,kompakt,False,49600,PLN
volkswagen,golf,2018,1,benzyna,kompakt,True,172900,PLN
volkswagen,golf,2009,111000,benzyna,kompakt,False,24900,PLN
volkswagen,golf,2018,5,benzyna,kompakt,True,139900,PLN
volkswagen,golf,2018,5,benzyna,kompakt,True,90500,PLN
volkswagen,golf,2018,5,benzyna,kompakt,True,87200,PLN
volkswagen,golf,2018,5,benzyna,kombi,True,91100,PLN
volkswagen,golf,2018,5,benzyna,kombi,True,85900,PLN
volkswagen,golf,2018,5,benzyna,kompakt,True,95900,PLN
volkswagen,golf,2009,214145,diesel,kombi,True,19950,PLN
volkswagen,golf,2015,167000,diesel,kombi,True,42900,PLN
volkswagen,golf,2015,99520,diesel,kombi,True,49900,PLN
volkswagen,golf,2005,230000,benzyna,kompakt,False,25000,PLN
volkswagen,golf,2009,159000,diesel,kompakt,True,26000,PLN
volkswagen,golf,2010,250000,diesel,kompakt,True,24999,PLN
volkswagen,golf,2004,336000,diesel,kompakt,False,11500,PLN
volkswagen,golf,2015,148644,diesel,kombi,False,34958,PLN
volkswagen,golf,1999,183000,benzyna,kompakt,True,7200,PLN
volkswagen,golf,2014,141117,benzyna,kombi,True,52500,PLN
volkswagen,golf,2009,195000,benzyna,kompakt,True,19900,PLN
volkswagen,golf,2008,263123,diesel,kompakt,True,18999,PLN
volkswagen,golf,2011,133000,diesel,kombi,True,26500,PLN
volkswagen,golf,2012,178900,benzyna,kompakt,True,24900,PLN
volkswagen,golf,2018,1,benzyna,kompakt,True,178900,PLN
volkswagen,golf,2018,1,diesel,kombi,True,76900,PLN
volkswagen,golf,2018,1,benzyna,kompakt,True,91900,PLN
volkswagen,golf,2008,221300,diesel,kombi,False,16900,PLN
volkswagen,golf,2015,121100,diesel,kombi,True,43500,PLN
volkswagen,golf,2005,234000,diesel,kompakt,True,19900,PLN
volkswagen,golf,2008,122900,benzyna,kompakt,False,25200,PLN
volkswagen,golf,2002,188000,benzyna,auta_miejskie,True,6900,PLN
volkswagen,golf,2016,91276,benzyna,kompakt,True,47500,PLN
volkswagen,golf,1995,221950,diesel,kompakt,True,15000,PLN
volkswagen,golf,2018,5,benzyna,kompakt,True,95900,PLN
volkswagen,golf,2017,5,benzyna,kombi,True,89900,PLN
volkswagen,golf,2018,5,benzyna,kompakt,True,90400,PLN
volkswagen,golf,2018,5,benzyna,kompakt,True,139900,PLN
volkswagen,golf,2018,5,benzyna,kompakt,True,80300,PLN
volkswagen,golf,2018,5,benzyna,kompakt,True,90500,PLN
volkswagen,golf,2018,5,benzyna,kombi,True,91100,PLN
volkswagen,golf,2017,5,benzyna,kombi,True,89900,PLN
volkswagen,golf,2018,5,benzyna,kompakt,True,87200,PLN
volkswagen,golf,2018,5,benzyna,kombi,True,85900,PLN
volkswagen,golf,2016,16300,diesel,kompakt,True,62000,PLN
volkswagen,golf,2008,211000,diesel,kombi,True,16900,PLN
volkswagen,golf,2007,278000,diesel,kompakt,True,18900,PLN
volkswagen,golf,2014,223000,diesel,kombi,True,38900,PLN
volkswagen,golf,2003,185550,benzyna,kombi,True,6500,PLN
volkswagen,golf,2010,205000,diesel,kombi,False,26900,PLN
volkswagen,golf,2002,185000,benzyna,kompakt,True,7800,PLN
volkswagen,golf,2017,13745,benzyna,kompakt,True,77590,PLN
volkswagen,golf,1999,183000,benzyna,kompakt,True,7200,PLN
volkswagen,golf,2014,141117,benzyna,kombi,True,52500,PLN
volkswagen,golf,2009,195000,benzyna,kompakt,True,19900,PLN
volkswagen,golf,2008,263123,diesel,kompakt,True,18999,PLN
volkswagen,golf,2011,133000,diesel,kombi,True,26500,PLN
volkswagen,golf,2012,178900,benzyna,kompakt,True,24900,PLN
volkswagen,golf,2018,1,benzyna,kompakt,True,178900,PLN
volkswagen,golf,2018,1,diesel,kombi,True,76900,PLN
volkswagen,golf,2018,1,benzyna,kompakt,True,91900,PLN
volkswagen,golf,2008,221300,diesel,kombi,False,16900,PLN
volkswagen,golf,2015,121100,diesel,kombi,True,43500,PLN
volkswagen,golf,2005,234000,diesel,kompakt,True,19900,PLN
volkswagen,golf,2008,122900,benzyna,kompakt,False,25200,PLN
volkswagen,golf,2002,188000,benzyna,auta_miejskie,True,6900,PLN
volkswagen,golf,2016,91276,benzyna,kompakt,True,47500,PLN
volkswagen,golf,1995,221950,diesel,kompakt,True,15000,PLN
volkswagen,golf,2018,5,benzyna,kompakt,True,95900,PLN
volkswagen,golf,2017,5,benzyna,kombi,True,89900,PLN
volkswagen,golf,2018,5,benzyna,kompakt,True,90400,PLN
volkswagen,golf,2018,5,benzyna,kompakt,True,139900,PLN
volkswagen,golf,2018,5,benzyna,kompakt,True,80300,PLN
volkswagen,golf,2018,5,benzyna,kompakt,True,90500,PLN
volkswagen,golf,2018,5,benzyna,kombi,True,91100,PLN
volkswagen,golf,2017,5,benzyna,kombi,True,89900,PLN
volkswagen,golf,2018,5,benzyna,kompakt,True,87200,PLN
volkswagen,golf,2018,5,benzyna,kombi,True,85900,PLN
volkswagen,golf,2016,16300,diesel,kompakt,True,62000,PLN
volkswagen,golf,2008,211000,diesel,kombi,True,16900,PLN
volkswagen,golf,2007,278000,diesel,kompakt,True,18900,PLN
volkswagen,golf,2014,223000,diesel,kombi,True,38900,PLN
volkswagen,golf,2002,185000,benzyna,kompakt,True,7800,PLN
volkswagen,golf,2017,13745,benzyna,kompakt,True,77590,PLN
volkswagen,golf,1999,183000,benzyna,kompakt,True,7200,PLN
volkswagen,golf,2014,141117,benzyna,kombi,True,52500,PLN
volkswagen,golf,2009,195000,benzyna,kompakt,True,19900,PLN
volkswagen,golf,2008,263123,diesel,kompakt,True,18999,PLN
volkswagen,golf,2011,133000,diesel,kombi,True,26500,PLN
volkswagen,golf,2012,178900,benzyna,kompakt,True,24900,PLN
volkswagen,golf,2018,1,benzyna,kompakt,True,178900,PLN
volkswagen,golf,2018,1,diesel,kombi,True,76900,PLN
volkswagen,golf,2018,1,benzyna,kompakt,True,91900,PLN
volkswagen,golf,2008,221300,diesel,kombi,False,16900,PLN
volkswagen,golf,2015,121100,diesel,kombi,True,43500,PLN
volkswagen,golf,2005,234000,diesel,kompakt,True,19900,PLN
volkswagen,golf,2008,122900,benzyna,kompakt,False,25200,PLN
volkswagen,golf,2002,188000,benzyna,auta_miejskie,True,6900,PLN
volkswagen,golf,2016,91276,benzyna,kompakt,True,47500,PLN
volkswagen,golf,1995,221950,diesel,kompakt,True,15000,PLN
volkswagen,golf,2018,5,benzyna,kompakt,True,95900,PLN
volkswagen,golf,2017,5,benzyna,kombi,True,89900,PLN
volkswagen,golf,2018,5,benzyna,kompakt,True,90400,PLN
volkswagen,golf,2018,5,benzyna,kompakt,True,139900,PLN
volkswagen,golf,2018,5,benzyna,kompakt,True,80300,PLN
volkswagen,golf,2018,5,benzyna,kompakt,True,90500,PLN
volkswagen,golf,2018,5,benzyna,kombi,True,91100,PLN
volkswagen,golf,2017,5,benzyna,kombi,True,89900,PLN
volkswagen,golf,2018,5,benzyna,kompakt,True,87200,PLN
volkswagen,golf,2018,5,benzyna,kombi,True,85900,PLN
volkswagen,golf,2016,16300,diesel,kompakt,True,62000,PLN
volkswagen,golf,2008,211000,diesel,kombi,True,16900,PLN
volkswagen,golf,2007,278000,diesel,kompakt,True,18900,PLN
volkswagen,golf,2014,223000,diesel,kombi,True,38900,PLN
volkswagen,golf,2002,185000,benzyna,kompakt,True,7800,PLN
volkswagen,golf,2017,13745,benzyna,kompakt,True,77590,PLN
volkswagen,golf,1999,183000,benzyna,kompakt,True,7200,PLN
volkswagen,golf,2014,141117,benzyna,kombi,True,52500,PLN
volkswagen,golf,2009,195000,benzyna,kompakt,True,19900,PLN
volkswagen,golf,2008,263123,diesel,kompakt,True,18999,PLN
volkswagen,golf,2011,133000,diesel,kombi,True,26500,PLN
volkswagen,golf,2012,178900,benzyna,kompakt,True,24900,PLN
volkswagen,golf,2018,1,benzyna,kompakt,True,178900,PLN
volkswagen,golf,2018,1,diesel,kombi,True,76900,PLN
volkswagen,golf,2018,1,benzyna,kompakt,True,91900,PLN
volkswagen,golf,2008,221300,diesel,kombi,False,16900,PLN
volkswagen,golf,2015,121100,diesel,kombi,True,43500,PLN
volkswagen,golf,2005,234000,diesel,kompakt,True,19900,PLN
volkswagen,golf,2008,122900,benzyna,kompakt,False,25200,PLN
volkswagen,golf,2002,188000,benzyna,auta_miejskie,True,6900,PLN
volkswagen,golf,2016,91276,benzyna,kompakt,True,47500,PLN
volkswagen,golf,1995,221950,diesel,kompakt,True,15000,PLN
volkswagen,golf,2018,5,benzyna,kompakt,True,95900,PLN
volkswagen,golf,2017,5,benzyna,kombi,True,89900,PLN
volkswagen,golf,2018,5,benzyna,kompakt,True,90400,PLN
volkswagen,golf,2018,5,benzyna,kompakt,True,139900,PLN
volkswagen,golf,2018,5,benzyna,kompakt,True,80300,PLN
volkswagen,golf,2018,5,benzyna,kompakt,True,90500,PLN
volkswagen,golf,2018,5,benzyna,kombi,True,91100,PLN
volkswagen,golf,2017,5,benzyna,kombi,True,89900,PLN
volkswagen,golf,2018,5,benzyna,kompakt,True,87200,PLN
volkswagen,golf,2018,5,benzyna,kombi,True,85900,PLN
volkswagen,golf,2016,16300,diesel,kompakt,True,62000,PLN
volkswagen,golf,2008,211000,diesel,kombi,True,16900,PLN
volkswagen,golf,2007,278000,diesel,kompakt,True,18900,PLN
volkswagen,golf,2014,223000,diesel,kombi,True,38900,PLN
volkswagen,golf,2002,185000,benzyna,kompakt,True,7800,PLN
volkswagen,golf,2017,13745,benzyna,kompakt,True,77590,PLN
volkswagen,golf,1999,183000,benzyna,kompakt,True,7200,PLN
volkswagen,golf,2014,141117,benzyna,kombi,True,52500,PLN
volkswagen,golf,2009,195000,benzyna,kompakt,True,19900,PLN
volkswagen,golf,2008,263123,diesel,kompakt,True,18999,PLN
volkswagen,golf,2011,133000,diesel,kombi,True,26500,PLN
volkswagen,golf,2012,178900,benzyna,kompakt,True,24900,PLN
volkswagen,golf,2018,1,benzyna,kompakt,True,178900,PLN
volkswagen,golf,2018,1,diesel,kombi,True,76900,PLN
volkswagen,golf,2018,1,benzyna,kompakt,True,91900,PLN
volkswagen,golf,2008,221300,diesel,kombi,False,16900,PLN
volkswagen,golf,2015,121100,diesel,kombi,True,43500,PLN
volkswagen,golf,2005,234000,diesel,kompakt,True,19900,PLN
volkswagen,golf,2008,122900,benzyna,kompakt,False,25200,PLN
volkswagen,golf,2002,188000,benzyna,auta_miejskie,True,6900,PLN
volkswagen,golf,2016,91276,benzyna,kompakt,True,47500,PLN
volkswagen,golf,1995,221950,diesel,kompakt,True,15000,PLN
volkswagen,golf,2018,5,benzyna,kompakt,True,95900,PLN
volkswagen,golf,2017,5,benzyna,kombi,True,89900,PLN
volkswagen,golf,2018,5,benzyna,kompakt,True,90400,PLN
volkswagen,golf,2018,5,benzyna,kompakt,True,139900,PLN
volkswagen,golf,2018,5,benzyna,kompakt,True,80300,PLN
volkswagen,golf,2018,5,benzyna,kompakt,True,90500,PLN
volkswagen,golf,2018,5,benzyna,kombi,True,91100,PLN
volkswagen,golf,2017,5,benzyna,kombi,True,89900,PLN
volkswagen,golf,2018,5,benzyna,kompakt,True,87200,PLN
volkswagen,golf,2018,5,benzyna,kombi,True,85900,PLN
volkswagen,golf,2016,16300,diesel,kompakt,True,62000,PLN
volkswagen,golf,2008,211000,diesel,kombi,True,16900,PLN
volkswagen,golf,2007,278000,diesel,kompakt,True,18900,PLN
volkswagen,golf,2014,223000,diesel,kombi,True,38900,PLN
volkswagen,golf,2002,185000,benzyna,kompakt,True,7800,PLN
volkswagen,golf,2017,13745,benzyna,kompakt,True,77590,PLN
volkswagen,golf,1999,183000,benzyna,kompakt,True,7200,PLN
volkswagen,golf,2014,141117,benzyna,kombi,True,52500,PLN
volkswagen,golf,2009,195000,benzyna,kompakt,True,19900,PLN
volkswagen,golf,2008,263123,diesel,kompakt,True,18999,PLN
volkswagen,golf,2011,133000,diesel,kombi,True,26500,PLN
volkswagen,golf,2012,178900,benzyna,kompakt,True,24900,PLN
volkswagen,golf,2018,1,benzyna,kompakt,True,178900,PLN
volkswagen,golf,2018,1,diesel,kombi,True,76900,PLN
volkswagen,golf,2018,1,benzyna,kompakt,True,91900,PLN
volkswagen,golf,2008,221300,diesel,kombi,False,16900,PLN
volkswagen,golf,2015,121100,diesel,kombi,True,43500,PLN
volkswagen,golf,2005,234000,diesel,kompakt,True,19900,PLN
volkswagen,golf,2008,122900,benzyna,kompakt,False,25200,PLN
volkswagen,golf,2002,188000,benzyna,auta_miejskie,True,6900,PLN
volkswagen,golf,2016,91276,benzyna,kompakt,True,47500,PLN
volkswagen,golf,1995,221950,diesel,kompakt,True,15000,PLN
volkswagen,golf,2018,5,benzyna,kompakt,True,95900,PLN
volkswagen,golf,2017,5,benzyna,kombi,True,89900,PLN
volkswagen,golf,2018,5,benzyna,kompakt,True,90400,PLN
volkswagen,golf,2018,5,benzyna,kompakt,True,139900,PLN
volkswagen,golf,2018,5,benzyna,kompakt,True,80300,PLN
volkswagen,golf,2018,5,benzyna,kompakt,True,90500,PLN
volkswagen,golf,2018,5,benzyna,kombi,True,91100,PLN
volkswagen,golf,2017,5,benzyna,kombi,True,89900,PLN
volkswagen,golf,2018,5,benzyna,kompakt,True,87200,PLN
volkswagen,golf,2018,5,benzyna,kombi,True,85900,PLN
volkswagen,golf,2016,16300,diesel,kompakt,True,62000,PLN
volkswagen,golf,2008,211000,diesel,kombi,True,16900,PLN
volkswagen,golf,2007,278000,diesel,kompakt,True,18900,PLN
volkswagen,golf,2014,223000,diesel,kombi,True,38900,PLN
ford,focus,2015,33900,benzyna,kompakt,True,42490,PLN
ford,focus,2010,138037,diesel,kompakt,False,19000,PLN
ford,focus,2012,126081,benzyna,kompakt,True,33500,PLN
ford,focus,2003,202100,benzyna,kompakt,False,7888,PLN
ford,focus,2017,19000,benzyna,kompakt,True,56800,PLN
ford,focus,2008,138861,diesel,kombi,True,19500,PLN
ford,focus,2013,130000,benzyna,kombi,True,29999,PLN
ford,focus,2007,97000,benzyna,kompakt,False,6500,PLN
ford,focus,2013,176903,diesel,kombi,False,29799,PLN
ford,focus,2014,70709,benzyna,kombi,False,39500,PLN
ford,focus,2008,135460,diesel,sedan,False,18300,PLN
ford,focus,2015,149194,diesel,kombi,False,29267,PLN
ford,focus,2015,163565,diesel,kombi,False,28454,PLN
ford,focus,2017,3893,benzyna,sedan,True,45527,PLN
ford,focus,2015,94409,diesel,kombi,True,31706,PLN
ford,focus,2014,68316,benzyna,kompakt,False,34145,PLN
ford,focus,2011,133706,diesel,kombi,False,25900,PLN
ford,focus,2008,145600,benzyna,kompakt,False,17000,PLN
ford,focus,2008,235465,benzyna,kombi,False,12500,PLN
ford,focus,2009,95240,benzyna,kompakt,False,19000,PLN
ford,focus,2016,10570,benzyna,sedan,False,46399,PLN
ford,focus,2017,12500,benzyna,kompakt,False,49900,PLN
ford,focus,2014,196000,diesel,kompakt,True,31250,PLN
ford,focus,2007,174967,diesel,kompakt,True,12000,PLN
ford,focus,2006,207000,diesel,sedan,True,8999,PLN
ford,focus,2013,107000,diesel,kombi,True,29900,PLN
ford,focus,2015,88813,diesel,kompakt,False,39999,PLN
ford,focus,2014,101393,diesel,kompakt,False,33900,PLN
ford,focus,2014,163992,diesel,kombi,False,32900,PLN
ford,focus,2017,45845,benzyna,kombi,True,54900,PLN
ford,focus,2018,1,benzyna,kompakt,True,69899,PLN
ford,focus,2015,87391,diesel,sedan,False,41900,PLN
ford,focus,2013,217267,diesel,kombi,True,26999,PLN
ford,focus,2014,24239,benzyna,kompakt,False,39800,PLN
ford,focus,2014,157962,diesel,kombi,False,35999,PLN
ford,focus,2014,60200,benzyna,kombi,False,14400,PLN
ford,focus,2009,141700,benzyna,kompakt,True,21500,PLN
ford,focus,2015,45221,benzyna,kompakt,True,33332,PLN
ford,focus,2016,13581,benzyna,kompakt,False,49900,PLN
ford,focus,2013,139000,benzyna,kombi,True,28048,PLN
ford,focus,2006,171366,diesel,kombi,False,10161,PLN
ford,focus,2014,27125,benzyna,kompakt,True,42000,PLN
ford,focus,2005,263000,diesel,kompakt,False,8500,PLN
ford,focus,2013,128050,diesel,kombi,True,28300,PLN
ford,focus,2014,110000,diesel,kombi,False,33000,PLN
ford,focus,2017,32691,benzyna,kompakt,True,48400,PLN
ford,focus,2017,26736,benzyna,kompakt,True,49650,PLN
ford,focus,2018,1,diesel,sedan,True,76789,PLN
ford,focus,2015,71350,diesel,kompakt,True,41900,PLN
ford,focus,2017,10000,diesel,kompakt,True,69900,PLN
ford,focus,2013,160000,diesel,kombi,True,29900,PLN
ford,focus,2012,119000,benzyna,kombi,True,32500,PLN
ford,focus,2013,136000,benzyna,kompakt,False,32900,PLN
ford,focus,2015,127076,benzyna,kombi,True,48900,PLN
ford,focus,2008,182954,diesel,kompakt,False,12000,PLN
ford,focus,2015,45915,benzyna,kompakt,True,34958,PLN
ford,focus,2010,152364,diesel,kompakt,False,17200,PLN
ford,focus,2005,237000,diesel,kombi,True,9500,PLN
ford,focus,2013,172000,diesel,kompakt,True,31400,PLN
ford,focus,2011,169000,diesel,kompakt,False,28000,PLN
ford,focus,2005,178000,benzyna,kombi,True,13700,PLN
ford,focus,2004,259000,diesel,kompakt,True,10900,PLN
ford,focus,2005,137000,benzyna,sedan,True,9999,PLN
ford,focus,2005,214000,benzyna,auta_miejskie,True,13900,PLN
ford,focus,2010,370000,diesel,kompakt,True,8000,PLN
ford,focus,2008,159645,benzyna,kompakt,False,21000,PLN
ford,focus,2010,150543,diesel,kompakt,False,22000,PLN
ford,focus,2018,1,diesel,kompakt,True,83870,PLN
ford,focus,2016,41890,diesel,kompakt,True,49900,PLN
ford,focus,2006,180000,diesel,kombi,False,9990,PLN
ford,focus,2017,6000,diesel,kompakt,True,58900,PLN
ford,focus,2018,1,benzyna,kombi,True,60120,PLN
ford,focus,2003,166000,benzyna,kompakt,True,6900,PLN
ford,focus,2014,60000,benzyna,sedan,False,37900,PLN
ford,focus,2008,92468,diesel,sedan,True,19000,PLN
ford,focus,2006,161482,diesel,kombi,False,12000,PLN
ford,focus,2003,162000,benzyna,kompakt,False,5900,PLN
ford,focus,2011,149600,benzyna,kompakt,True,35000,PLN
ford,focus,2017,1,benzyna,kompakt,True,128048,PLN
ford,focus,2017,1,benzyna,kompakt,True,55499,PLN
ford,focus,2017,1,benzyna,kompakt,True,167999,PLN
ford,focus,2018,1,benzyna,kombi,True,72499,PLN
ford,focus,2006,237000,diesel,kompakt,True,11500,PLN
ford,focus,2016,56000,diesel,kombi,False,25900,PLN
ford,focus,2009,245956,diesel,kompakt,False,13300,PLN
ford,focus,2008,101500,benzyna,kabriolet,False,18800,PLN
ford,focus,2012,80685,benzyna,kompakt,False,34000,PLN
ford,focus,2010,127406,diesel,kompakt,False,19000,PLN
ford,focus,2014,90619,benzyna,kompakt,True,29267,PLN
ford,focus,2000,240300,benzyna,kombi,False,4000,PLN
ford,focus,2016,56000,diesel,kombi,False,48900,PLN
ford,focus,2011,203000,diesel,kombi,True,19500,PLN
ford,focus,2006,215100,diesel,kompakt,False,9500,PLN
ford,focus,2013,175200,diesel,kombi,True,26900,PLN
ford,focus,2014,154000,diesel,kombi,True,28900,PLN
ford,focus,2009,97422,benzyna,kompakt,False,23000,PLN
ford,focus,2008,132659,benzyna,kombi,True,18000,PLN
ford,focus,2005,170936,benzyna,kombi,False,13500,PLN
ford,focus,2010,176750,diesel,kombi,False,17500,PLN
ford,focus,2011,148345,diesel,kombi,False,21950,PLN
ford,focus,2011,80506,benzyna,kompakt,False,26500,PLN
ford,focus,2015,26804,diesel,kompakt,False,45900,PLN
ford,focus,2006,75345,benzyna,kompakt,False,18500,PLN
ford,focus,2015,40230,benzyna,kompakt,False,34145,PLN
ford,focus,2018,1,diesel,kombi,True,72099,PLN
ford,focus,2012,228000,diesel,kompakt,True,23990,PLN
ford,focus,2017,4000,benzyna,auta_miejskie,False,47400,PLN
ford,focus,2015,22000,benzyna,kompakt,True,46900,PLN
ford,focus,2006,97000,benzyna,kompakt,False,11900,PLN
ford,focus,2004,227000,benzyna,kompakt,False,5700,PLN
ford,focus,2011,139000,diesel,kompakt,True,24500,PLN
ford,focus,2015,138716,diesel,kombi,True,40500,PLN
ford,focus,2014,135400,diesel,kombi,True,33000,PLN
ford,focus,2014,149400,diesel,kombi,True,33500,PLN
ford,focus,2005,176501,benzyna,kompakt,False,13000,PLN
ford,focus,2017,40277,benzyna,sedan,False,38210,PLN
ford,focus,2006,139043,benzyna,kompakt,False,11000,PLN
ford,focus,2012,80685,benzyna,kompakt,False,34000,PLN
ford,focus,2013,172357,diesel,kombi,False,26000,PLN
ford,focus,2015,60312,benzyna,kompakt,True,34145,PLN
ford,focus,2014,60390,diesel,sedan,True,37900,PLN
ford,focus,2013,174140,diesel,kompakt,True,29400,PLN
ford,focus,2008,242000,diesel,kombi,True,11500,PLN
ford,focus,2005,314000,diesel,kompakt,True,8400,PLN
ford,focus,2006,267500,diesel,kompakt,True,10490,PLN
ford,focus,2015,150000,diesel,kombi,False,28999,PLN
ford,focus,2014,149000,diesel,kombi,True,36900,PLN
ford,focus,2006,152503,benzyna,kombi,True,9900,PLN
ford,focus,2017,11000,benzyna,kombi,True,51800,PLN
ford,focus,2015,71755,diesel,kompakt,False,43900,PLN
ford,focus,2014,145696,diesel,sedan,False,30900,PLN
ford,focus,2009,229000,diesel,kombi,True,14900,PLN
ford,focus,2012,80685,benzyna,kompakt,False,34000,PLN
ford,focus,2008,167000,benzyna,kompakt,True,17999,PLN
ford,focus,2015,40000,benzyna,kompakt,True,89990,PLN
ford,focus,2010,176750,diesel,kombi,False,17500,PLN
ford,focus,2005,245139,diesel,kompakt,False,10000,PLN
ford,focus,2007,198000,benzyna,kabriolet,True,15700,PLN
ford,focus,2005,252000,benzyna+lpg,kompakt,True,9000,PLN
ford,focus,2017,13816,benzyna,sedan,True,39023,PLN
ford,focus,2007,133793,benzyna,kombi,False,17000,PLN
ford,focus,2011,113560,diesel,kompakt,False,27500,PLN
ford,focus,2015,158000,diesel,kombi,True,41900,PLN
ford,focus,2014,127000,diesel,kombi,True,29900,PLN
ford,focus,2010,200900,benzyna,kompakt,False,11900,PLN
ford,focus,2008,183000,diesel,kombi,True,13999,PLN
ford,focus,2015,96860,diesel,sedan,False,44900,PLN
ford,focus,2016,43000,diesel,kompakt,True,49900,PLN
ford,focus,2016,6000,benzyna,sedan,True,145000,PLN
ford,focus,2007,239000,diesel,kombi,True,9700,PLN
ford,focus,2011,133706,diesel,kombi,False,25900,PLN
ford,focus,2011,163866,diesel,kombi,False,20324,PLN
ford,focus,2015,59000,benzyna,kompakt,True,39000,PLN
ford,focus,2010,272100,diesel,kombi,True,11900,PLN
ford,focus,2012,159000,benzyna,kompakt,False,25900,PLN
ford,focus,2012,253000,diesel,kombi,True,22900,PLN
ford,focus,2014,87962,diesel,kompakt,False,33500,PLN
ford,focus,2017,20800,benzyna,kompakt,True,50900,PLN
ford,focus,2011,180000,benzyna,kompakt,True,26900,PLN
mazda,6,2013,116000,benzyna,sedan,True,68900,PLN
mazda,6,2013,44922,benzyna,kombi,True,73000,PLN
mazda,6,2013,82000,diesel,sedan,True,65000,PLN
mazda,6,2008,223000,diesel,kombi,True,25500,PLN
mazda,6,2017,9550,diesel,kombi,True,144900,PLN
mazda,6,2013,73667,benzyna,kombi,True,69000,PLN
mazda,6,2007,99276,diesel,kombi,True,13000,PLN
mazda,6,2003,187000,benzyna,kompakt,True,9500,PLN
mazda,6,2005,200000,diesel,kombi,False,4300,PLN
mazda,6,2017,6400,benzyna,sedan,False,110000,PLN
mazda,6,2005,249000,benzyna,kombi,False,9800,PLN
mazda,6,2009,176540,diesel,kombi,True,20900,PLN
mazda,6,2008,144000,benzyna,kombi,True,35999,PLN
mazda,6,2009,147000,benzyna+lpg,sedan,True,35900,PLN
mazda,6,2009,169200,diesel,kombi,True,22900,PLN
mazda,6,2005,198542,benzyna,kombi,True,11900,PLN
mazda,6,2008,225000,diesel,sedan,True,21900,PLN
mazda,6,2014,81000,benzyna,kombi,True,68699,PLN
mazda,6,2015,84600,diesel,kombi,True,84900,PLN
mazda,6,2013,72000,benzyna,sedan,False,68990,PLN
mazda,6,2009,158000,diesel,kombi,False,26700,PLN
mazda,6,2013,73438,benzyna,sedan,False,68000,PLN
mazda,6,2008,62627,benzyna,sedan,False,32000,PLN
mazda,6,2005,250000,diesel,kombi,False,5299,PLN
mazda,6,2009,225000,diesel,kombi,False,28400,PLN
mazda,6,2014,187569,diesel,kombi,True,59990,PLN
mazda,6,2013,172000,diesel,sedan,True,58800,PLN
mazda,6,2009,263000,diesel,kombi,False,19900,PLN
mazda,6,2013,136000,diesel,sedan,True,64990,PLN
mazda,6,2016,14500,benzyna,sedan,True,79900,PLN
mazda,6,2017,22800,benzyna,kombi,True,86000,PLN
mazda,6,2017,19980,benzyna,sedan,False,85000,PLN
mazda,6,2014,42000,benzyna,kombi,True,73900,PLN
mazda,6,2014,97000,benzyna,sedan,True,77777,PLN
mazda,6,2007,226522,diesel,sedan,True,12000,PLN
mazda,6,2008,194500,diesel,kombi,False,21900,PLN
mazda,6,2006,220000,benzyna,sedan,True,14000,PLN
mazda,6,2017,18000,benzyna,sedan,False,109900,PLN
mazda,6,2015,49310,benzyna,kombi,True,59900,PLN
mazda,6,2014,92750,benzyna,sedan,False,85900,PLN
mazda,6,2008,228000,diesel,kombi,True,26600,PLN
mazda,6,2007,240000,diesel,kombi,True,10900,PLN
mazda,6,2005,173600,benzyna,kombi,False,10900,PLN
mazda,6,2003,179000,benzyna,sedan,False,8300,PLN
mazda,6,2013,84000,benzyna,kombi,True,75000,PLN
mazda,6,2016,64000,benzyna,sedan,False,54700,PLN
mazda,6,2004,214000,diesel,sedan,True,6900,PLN
mazda,6,2014,122259,benzyna,kombi,False,85900,PLN
mazda,6,2014,110000,benzyna,sedan,True,65000,PLN
mazda,6,2011,83857,diesel,kompakt,False,33000,PLN
mazda,6,2006,200000,diesel,kombi,False,13300,PLN
mazda,6,2008,178000,benzyna,sedan,True,8799,PLN
mazda,6,2004,292000,diesel,sedan,True,8000,PLN
mazda,6,2014,193500,diesel,kombi,True,44000,PLN
mazda,6,2005,166000,benzyna,kompakt,False,10900,PLN
mazda,6,2011,134200,diesel,sedan,True,33900,PLN
mazda,6,2011,61000,diesel,kombi,False,19700,PLN
mazda,6,2011,169000,diesel,kombi,True,32900,PLN
mazda,6,2015,44994,benzyna,sedan,False,65000,PLN
mazda,6,2013,55405,benzyna,sedan,True,72399,PLN
mazda,6,2017,12866,benzyna,sedan,False,109900,PLN
mazda,6,2009,135000,diesel,kombi,True,24999,PLN
mazda,6,2011,236000,diesel,kombi,True,36900,PLN
mazda,6,2009,200000,benzyna+lpg,kombi,True,26600,PLN
mazda,6,2005,148900,benzyna,sedan,True,6999,PLN
mazda,6,2014,42000,benzyna,sedan,True,85000,PLN
mazda,6,2008,109407,diesel,kompakt,False,29000,PLN
mazda,6,2016,16000,benzyna,kombi,False,82900,PLN
mazda,6,2008,155000,diesel,sedan,False,19900,PLN
mazda,6,2017,18900,benzyna,sedan,False,84900,PLN
mazda,6,2013,167000,benzyna,kombi,True,54999,PLN
mazda,6,2014,180000,diesel,kombi,True,54900,PLN
mazda,6,2017,49900,benzyna,sedan,True,91073,PLN
mazda,6,2015,29000,benzyna,kombi,True,90000,PLN
mazda,6,2016,80000,benzyna,sedan,False,57900,PLN
mazda,6,2003,233000,benzyna+lpg,sedan,False,8900,PLN
mazda,6,2017,34300,benzyna,sedan,False,99900,PLN
mazda,6,2002,100707,benzyna,sedan,True,11900,PLN
mazda,6,2013,113000,benzyna,sedan,True,74900,PLN
mazda,6,2008,144091,benzyna,kombi,True,32300,PLN
mazda,6,2015,26000,benzyna,sedan,True,84950,PLN
mazda,6,2009,180200,diesel,kombi,True,22000,PLN
mazda,6,2011,150000,diesel,sedan,False,12000,PLN
mazda,6,2016,24742,benzyna,kombi,True,96900,PLN
mazda,6,2015,168940,diesel,kombi,True,56900,PLN
mazda,6,2005,123400,benzyna,kombi,True,15900,PLN
mazda,6,2003,250000,benzyna+lpg,sedan,False,6700,PLN
mazda,6,2014,95000,benzyna,kombi,True,72500,PLN
mazda,6,2014,150000,benzyna,sedan,True,64000,PLN
mazda,6,2011,151200,diesel,sedan,True,36900,PLN
mazda,6,2003,228438,benzyna+lpg,sedan,True,16000,PLN
mazda,6,2008,105883,benzyna,sedan,True,33900,PLN
mazda,6,2010,212000,diesel,kombi,True,29500,PLN
mazda,6,2015,74000,benzyna,kombi,True,81000,PLN
mazda,6,2012,181000,benzyna,kombi,True,50000,PLN
mazda,6,2017,6100,benzyna,sedan,True,108700,PLN
mazda,6,2008,171025,diesel,kompakt,False,19999,PLN
mazda,6,2007,146235,diesel,kombi,True,13900,PLN
mazda,6,2017,33455,benzyna,kombi,True,82900,PLN
mazda,6,2006,140000,benzyna,sedan,True,14700,PLN
mazda,6,2014,169800,diesel,kombi,True,58500,PLN
mazda,6,2007,190000,benzyna,kombi,True,13600,PLN
mazda,6,2014,98200,benzyna,sedan,False,60999,PLN
mazda,6,2016,19377,benzyna,sedan,False,79900,PLN
mazda,6,2006,116500,diesel,kombi,True,13900,PLN
mazda,6,2007,190000,diesel,minivan,True,13000,PLN
mazda,6,2008,202000,diesel,sedan,True,24900,PLN
mazda,6,2003,200000,benzyna,kombi,True,10500,PLN
mazda,6,2002,162000,benzyna,sedan,True,4700,PLN
mazda,6,2009,176000,benzyna,sedan,True,31900,PLN
mazda,6,2014,247000,diesel,kombi,True,39000,PLN
mazda,6,2006,162000,benzyna,kombi,True,15900,PLN
mazda,6,2016,17610,benzyna,sedan,False,77500,PLN
mazda,6,2014,140000,diesel,kombi,True,67900,PLN
mazda,6,2004,179000,benzyna,kompakt,True,11900,PLN
mazda,6,2009,204000,benzyna,kombi,True,27000,PLN
mazda,6,2006,162000,diesel,kombi,False,10700,PLN
mazda,6,2004,157000,diesel,kombi,True,6900,PLN
mazda,6,2004,188900,benzyna,kompakt,True,9500,PLN
mazda,6,2008,199999,diesel,sedan,True,20999,PLN
mazda,6,2003,193227,benzyna+lpg,sedan,True,10900,PLN
mazda,6,2007,227000,diesel,kombi,False,10900,PLN
mazda,6,2007,175000,diesel,kombi,False,12500,PLN
mazda,6,2009,273050,diesel,sedan,True,20800,PLN
mazda,6,2008,234726,benzyna,kombi,True,25900,PLN
mazda,6,2014,200000,diesel,kombi,True,65900,PLN
mazda,6,2017,1,benzyna,sedan,True,124900,PLN
mazda,6,2016,17400,benzyna,sedan,False,61900,PLN
mazda,6,2008,190000,benzyna,kombi,True,28900,PLN
mazda,6,2013,113000,diesel,sedan,True,66500,PLN
mazda,6,2007,327000,diesel,sedan,True,7100,PLN
mazda,6,2006,190000,benzyna,kombi,True,13500,PLN
mazda,6,2009,108000,benzyna,kompakt,True,33499,PLN
mazda,6,2003,217000,diesel,kombi,False,7200,PLN
mazda,6,2003,236543,benzyna+lpg,kombi,True,9300,PLN
mazda,6,2015,51000,benzyna,kombi,True,101000,PLN
mazda,6,2008,124000,diesel,sedan,True,5800,PLN
mazda,6,2015,129000,benzyna,kombi,False,39900,PLN
mazda,6,2016,17700,benzyna,sedan,True,90900,PLN
mazda,6,2015,113250,diesel,sedan,False,83899,PLN
mazda,6,2008,178000,diesel,kombi,True,14700,PLN
mazda,6,2003,190000,benzyna,sedan,True,16500,PLN
mazda,6,2009,181000,diesel,kombi,True,19500,PLN
mazda,6,2010,158000,diesel,kombi,True,27800,PLN
mazda,6,2004,19800,diesel,sedan,True,7800,PLN
mazda,6,2017,21000,benzyna,kombi,True,115500,PLN
mazda,6,2015,55500,benzyna,kombi,False,69900,PLN
mazda,6,2008,220000,diesel,kombi,True,19900,PLN
mazda,6,2016,16200,benzyna,sedan,False,72900,PLN
mazda,6,2009,122305,benzyna,kombi,True,34700,PLN
mazda,6,2008,250000,diesel,kombi,True,21500,PLN
mazda,6,2016,18000,diesel,kombi,True,81900,PLN
mazda,6,2008,198000,diesel,sedan,False,25750,PLN
mazda,6,2016,48000,benzyna,sedan,False,35900,PLN
mazda,6,2005,294600,diesel,sedan,True,7900,PLN
mazda,6,2016,8500,benzyna,kombi,False,67900,PLN
mazda,6,2007,124000,diesel,kombi,True,14700,PLN
mazda,6,2015,39000,benzyna,sedan,False,28900,PLN
mazda,6,2008,199000,benzyna,sedan,True,34900,PLN
mazda,6,2006,229000,diesel,kompakt,True,12400,PLN
fiat,tipo,2018,1,benzyna,kompakt,True,57500,PLN
fiat,tipo,2018,1,benzyna,sedan,True,64000,PLN
fiat,tipo,2018,1,benzyna,kompakt,True,52900,PLN
fiat,tipo,2018,1,benzyna,kompakt,True,81750,PLN
fiat,tipo,2017,7751,benzyna,sedan,False,51900,PLN
fiat,tipo,2017,1,benzyna,kombi,True,58500,PLN
fiat,tipo,2018,1,benzyna,kombi,True,57050,PLN
fiat,tipo,2017,3200,benzyna,kombi,False,68900,PLN
fiat,tipo,2018,1,benzyna,sedan,True,52500,PLN
fiat,tipo,2018,1,benzyna,sedan,True,51900,PLN
fiat,tipo,2017,1,benzyna,kompakt,True,59990,PLN
fiat,tipo,2017,1,benzyna,kombi,True,56900,PLN
fiat,tipo,2017,1,benzyna,kombi,False,58500,PLN
fiat,tipo,2018,1,benzyna,sedan,True,50900,PLN
fiat,tipo,2018,1,benzyna,sedan,True,48900,PLN
fiat,tipo,2018,1,benzyna+lpg,sedan,True,48100,PLN
fiat,tipo,2018,1,benzyna,sedan,True,44100,PLN
fiat,tipo,2018,1,benzyna,kombi,True,53879,PLN
fiat,tipo,2018,1,benzyna,kombi,True,76140,PLN
fiat,tipo,2018,1,benzyna,kompakt,True,44900,PLN
fiat,tipo,2017,1,benzyna,kompakt,True,48678,PLN
fiat,tipo,2016,4427,benzyna,sedan,True,42200,PLN
fiat,tipo,2017,6400,diesel,kombi,False,35900,PLN
fiat,tipo,2018,2,benzyna,kompakt,True,52900,PLN
fiat,tipo,2016,28300,benzyna,sedan,False,34900,PLN
fiat,tipo,2017,22000,benzyna,sedan,True,39900,PLN
fiat,tipo,2018,1,benzyna,kompakt,True,46400,PLN
fiat,tipo,2018,1,benzyna,kompakt,False,51990,PLN
fiat,tipo,2017,1,benzyna,kompakt,True,59700,PLN
fiat,tipo,2017,5,benzyna,sedan,True,48490,PLN
fiat,tipo,2018,1,benzyna,kombi,True,53900,PLN
fiat,tipo,2018,1,benzyna,sedan,True,44500,PLN
fiat,tipo,2017,1,benzyna,sedan,True,46900,PLN
fiat,tipo,2018,1,benzyna,sedan,False,51900,PLN
fiat,tipo,2016,8900,benzyna,sedan,True,39900,PLN
fiat,tipo,2017,3,benzyna,sedan,True,42958,PLN
fiat,tipo,2017,27000,benzyna,kompakt,False,36900,PLN
fiat,tipo,2017,20998,benzyna,kompakt,True,45900,PLN
fiat,tipo,2018,1,benzyna,kompakt,True,44990,PLN
fiat,tipo,2018,1,benzyna,kompakt,True,44990,PLN
fiat,tipo,2018,6,benzyna,kompakt,True,50567,PLN
fiat,tipo,2017,25452,benzyna,kompakt,True,54900,PLN
fiat,tipo,2017,33874,benzyna,kompakt,True,51900,PLN
fiat,tipo,2017,23984,benzyna,kombi,True,46900,PLN
fiat,tipo,2017,1,benzyna,kompakt,True,47900,PLN
fiat,tipo,2017,5,benzyna,sedan,True,46750,PLN
fiat,tipo,2018,1,benzyna+lpg,sedan,True,62650,PLN
fiat,tipo,2018,1,benzyna,kompakt,True,49200,PLN
fiat,tipo,2017,29021,benzyna,kompakt,True,51900,PLN
fiat,tipo,2017,5,benzyna,sedan,True,46750,PLN
fiat,tipo,2018,5,benzyna,sedan,True,44000,PLN
fiat,tipo,2018,6,benzyna,kompakt,True,49593,PLN
fiat,tipo,2018,3,benzyna,sedan,True,44000,PLN
fiat,tipo,2018,5,benzyna,sedan,True,44000,PLN
fiat,tipo,2018,1,benzyna,kombi,True,54300,PLN
fiat,tipo,2017,35460,benzyna,kompakt,True,46900,PLN
fiat,tipo,2018,1,benzyna,sedan,True,52900,PLN
fiat,tipo,2016,54000,benzyna,sedan,False,39900,PLN
fiat,tipo,2017,10,benzyna,auta_miejskie,True,60000,PLN
fiat,tipo,2018,1,benzyna+lpg,kombi,True,68750,PLN
fiat,tipo,2018,1,benzyna,sedan,True,52000,PLN
fiat,tipo,2018,1,benzyna+lpg,kompakt,True,64750,PLN
fiat,tipo,2017,1,benzyna,sedan,True,46750,PLN
fiat,tipo,2018,1,benzyna,sedan,True,48750,PLN
fiat,tipo,2018,1,benzyna,kombi,True,61900,PLN
fiat,tipo,2018,2,benzyna,kombi,True,58900,PLN
fiat,tipo,2017,21000,benzyna,kompakt,True,54000,PLN
fiat,tipo,2018,1,benzyna,kompakt,True,59500,PLN
fiat,tipo,2018,1,benzyna,kompakt,True,55500,PLN
fiat,tipo,2017,1,benzyna,kompakt,True,59700,PLN
fiat,tipo,2018,1,benzyna,sedan,True,60250,PLN
fiat,tipo,2017,2900,benzyna,sedan,True,42900,PLN
fiat,tipo,2018,5,benzyna,sedan,True,49990,PLN
fiat,tipo,2018,5,benzyna,sedan,True,49990,PLN
fiat,tipo,2018,5,benzyna,sedan,True,49990,PLN
fiat,tipo,2018,1,benzyna+lpg,sedan,True,59400,PLN
fiat,tipo,2017,6,benzyna,kompakt,True,56450,PLN
fiat,tipo,2016,5,benzyna,sedan,False,52890,PLN
fiat,tipo,2017,5,benzyna,kompakt,True,59400,PLN
fiat,tipo,2018,6,benzyna,kompakt,True,47584,PLN
fiat,tipo,2016,36716,benzyna,sedan,True,39900,PLN
fiat,tipo,2016,34985,diesel,sedan,True,45000,PLN
fiat,tipo,2018,1,benzyna,kompakt,True,49500,PLN
fiat,tipo,2016,39724,benzyna,sedan,True,41900,PLN
fiat,tipo,2017,3400,benzyna,kombi,False,66000,PLN
fiat,tipo,2017,1,benzyna,kompakt,True,59900,PLN
fiat,tipo,2017,1,benzyna,auta_miejskie,True,58900,PLN
fiat,tipo,2018,1,benzyna+lpg,sedan,True,49500,PLN
fiat,tipo,2018,1,benzyna,kompakt,True,61875,PLN
fiat,tipo,2017,2500,benzyna,kompakt,True,64500,PLN
fiat,tipo,2017,4,benzyna+lpg,kompakt,True,62488,PLN
fiat,tipo,2017,6,benzyna,kompakt,True,58705,PLN
fiat,tipo,2017,33000,benzyna,sedan,True,43500,PLN
fiat,tipo,2017,5596,benzyna,kompakt,True,64990,PLN
fiat,tipo,2017,5,benzyna,kompakt,True,58000,PLN
fiat,tipo,2017,1,benzyna,kompakt,True,45500,PLN
fiat,tipo,2018,1,benzyna,sedan,True,46900,PLN
fiat,tipo,2017,1,benzyna,kompakt,True,51900,PLN
fiat,tipo,2017,6800,benzyna,kombi,True,59900,PLN
fiat,tipo,2018,1,benzyna,sedan,True,42390,PLN
fiat,tipo,2018,1,benzyna,sedan,True,42390,PLN
fiat,tipo,1989,118800,benzyna,kompakt,True,4900,PLN
fiat,tipo,2017,5,benzyna,kombi,True,64581,PLN
fiat,tipo,2018,5,benzyna,sedan,True,44000,PLN
fiat,tipo,2017,7,benzyna,kompakt,True,58000,PLN
fiat,tipo,2018,5,benzyna,sedan,True,48000,PLN
fiat,tipo,2017,5,benzyna,sedan,True,49500,PLN
fiat,tipo,2017,5,benzyna,sedan,True,51850,PLN
fiat,tipo,2016,4,benzyna,sedan,False,55990,PLN
fiat,tipo,2018,6,benzyna,kompakt,True,50573,PLN
fiat,tipo,2018,6,benzyna,kompakt,True,49593,PLN
fiat,tipo,2017,1,benzyna,kompakt,False,48900,PLN
fiat,tipo,2018,5,benzyna,sedan,True,42979,PLN
fiat,tipo,2017,1,benzyna,auta_miejskie,True,52650,PLN
fiat,tipo,2016,6700,diesel,sedan,True,51900,PLN
fiat,tipo,2017,2,benzyna,kompakt,True,50900,PLN
fiat,tipo,2017,36730,benzyna,kombi,True,46900,PLN
fiat,tipo,2017,1,benzyna,sedan,True,50090,PLN
fiat,tipo,2018,1,benzyna,kompakt,False,43900,PLN
fiat,tipo,2017,6400,benzyna,kompakt,False,53500,PLN
fiat,tipo,2016,17291,benzyna,sedan,True,40000,PLN
fiat,tipo,2018,1,benzyna,kompakt,True,54900,PLN
fiat,tipo,2017,1,benzyna,sedan,True,44350,PLN
fiat,tipo,2017,1,diesel,kompakt,True,59899,PLN
fiat,tipo,2017,26000,benzyna,kombi,True,47990,PLN
fiat,tipo,2018,1,benzyna+lpg,kompakt,True,64350,PLN
fiat,tipo,2018,1,benzyna,kombi,True,47500,PLN
fiat,tipo,2018,1,benzyna,sedan,True,52900,PLN
fiat,tipo,2017,25964,benzyna,kompakt,True,51900,PLN
fiat,tipo,2018,1,benzyna,kompakt,True,47499,PLN
fiat,tipo,2018,1,benzyna,kombi,True,62450,PLN
fiat,tipo,2018,1,benzyna,kombi,True,48300,PLN
fiat,tipo,2018,1,benzyna,kombi,True,53500,PLN
fiat,tipo,2018,1,benzyna,sedan,True,48650,PLN
fiat,tipo,2017,29032,benzyna,kompakt,True,46200,PLN
fiat,tipo,2017,30533,benzyna,kompakt,True,45900,PLN
fiat,tipo,2017,15050,benzyna,kompakt,True,46500,PLN
fiat,tipo,2017,45316,benzyna,sedan,False,32000,PLN
fiat,tipo,2017,1,benzyna,kompakt,True,55900,PLN
fiat,tipo,2017,4800,diesel,kompakt,False,19900,PLN
fiat,tipo,2016,12900,benzyna,sedan,True,38500,PLN
mazda,cx-5,2012,62872,benzyna,suv,True,74000,PLN
mazda,cx-5,2014,169654,diesel,suv,True,59900,PLN
mazda,cx-5,2012,76900,benzyna,suv,True,67900,PLN
mazda,cx-5,2014,162200,diesel,suv,True,67900,PLN
mazda,cx-5,2014,53000,diesel,suv,False,59800,PLN
mazda,cx-5,2011,100000,benzyna,suv,True,71000,PLN
mazda,cx-5,2017,10000,benzyna,suv,False,132900,PLN
mazda,cx-5,2012,62872,benzyna,suv,True,74000,PLN
mazda,cx-5,2014,156000,benzyna,suv,True,59900,PLN
mazda,cx-5,2017,4462,benzyna,suv,False,94900,PLN
mazda,cx-5,2015,79000,diesel,suv,True,95000,PLN
mazda,cx-5,2018,4,benzyna,suv,True,162800,PLN
mazda,cx-5,2014,107000,diesel,suv,True,79990,PLN
mazda,cx-5,2016,50000,benzyna,suv,False,68500,PLN
mazda,cx-5,2012,128000,benzyna,suv,True,62900,PLN
mazda,cx-5,2012,134000,benzyna,suv,True,65500,PLN
mazda,cx-5,2017,20500,benzyna,suv,True,129900,PLN
mazda,cx-5,2017,5778,benzyna,suv,True,121900,PLN
mazda,cx-5,2016,47000,benzyna,suv,False,63000,PLN
mazda,cx-5,2013,210000,diesel,suv,False,45900,PLN
mazda,cx-5,2018,4,benzyna,suv,True,107000,PLN
mazda,cx-5,2018,4,benzyna,suv,True,145900,PLN
mazda,cx-5,2018,4,benzyna,suv,True,104900,PLN
mazda,cx-5,2015,61639,diesel,suv,True,79000,PLN
mazda,cx-5,2012,40000,benzyna,suv,True,72900,PLN
mazda,cx-5,2014,56000,benzyna,suv,False,62500,PLN
mazda,cx-5,2015,150000,diesel,suv,True,64900,PLN
mazda,cx-5,2017,4900,diesel,suv,False,71000,PLN
mazda,cx-5,2016,22500,diesel,suv,True,125900,PLN
mazda,cx-5,2013,107000,benzyna,suv,True,79000,PLN
mazda,cx-5,2013,64000,benzyna,suv,False,51000,PLN
mazda,cx-5,2012,165000,diesel,suv,True,56900,PLN
mazda,cx-5,2013,90000,benzyna,suv,False,58000,PLN
mazda,cx-5,2012,150000,benzyna,suv,False,47000,PLN
mazda,cx-5,2014,81000,benzyna,suv,False,69000,PLN
mazda,cx-5,2013,180000,diesel,suv,True,61900,PLN
mazda,cx-5,2017,13205,benzyna,suv,False,108700,PLN
mazda,cx-5,2016,37600,diesel,suv,False,119000,PLN
mazda,cx-5,2016,31000,benzyna,suv,False,79800,PLN
mazda,cx-5,2016,66000,diesel,suv,False,9800,EUR
mazda,cx-5,2015,51000,benzyna,suv,True,59900,PLN
mazda,cx-5,2017,10181,benzyna,suv,False,119900,PLN
mazda,cx-5,2013,123000,diesel,suv,True,63900,PLN
mazda,cx-5,2012,135000,benzyna,suv,True,53600,PLN
mazda,cx-5,2013,60332,benzyna,suv,False,71700,PLN
mazda,cx-5,2014,94835,benzyna,suv,True,76900,PLN
mazda,cx-5,2012,169000,diesel,suv,True,42900,PLN
mazda,cx-5,2014,159000,benzyna,suv,True,62900,PLN
mazda,cx-5,2013,82000,benzyna,suv,False,66000,PLN
mazda,cx-5,2013,152371,benzyna,suv,True,62990,PLN
mazda,cx-5,2016,67000,benzyna,suv,False,39000,PLN
mazda,cx-5,2017,1,benzyna,suv,True,146800,PLN
mazda,cx-5,2018,1,benzyna,suv,True,165700,PLN
mazda,cx-5,2018,1,benzyna,suv,True,144000,PLN
mazda,cx-5,2018,1,benzyna,suv,True,119800,PLN
mazda,cx-5,2018,1,benzyna,suv,True,156800,PLN
mazda,cx-5,2014,115000,benzyna,suv,True,64900,PLN
mazda,cx-5,2018,5,benzyna,suv,True,97622,PLN
mazda,cx-5,2013,118008,benzyna,suv,False,17800,PLN
mazda,cx-5,2017,8900,benzyna,suv,False,90900,PLN
mazda,cx-5,2015,169730,diesel,suv,False,11700,EUR
mazda,cx-5,2016,14625,diesel,suv,True,129900,PLN
mazda,cx-5,2016,15250,benzyna,suv,True,114900,PLN
mazda,cx-5,2013,188000,diesel,suv,False,54800,PLN
mazda,cx-5,2012,230000,diesel,suv,True,49999,PLN
mazda,cx-5,2018,1,benzyna+lpg,suv,True,106900,PLN
mazda,cx-5,2012,121840,benzyna,suv,True,69900,PLN
mazda,cx-5,2014,95187,diesel,suv,True,83900,PLN
mazda,cx-5,2017,2900,diesel,suv,True,135900,PLN
mazda,cx-5,2017,15999,benzyna,suv,False,119900,PLN
mazda,cx-5,2014,173000,diesel,suv,True,58900,PLN
mazda,cx-5,2014,22650,benzyna,suv,False,54500,PLN
mazda,cx-5,2013,179000,diesel,suv,True,57900,PLN
mazda,cx-5,2016,8992,benzyna,suv,False,119900,PLN
mazda,cx-5,2013,116000,diesel,suv,True,67700,PLN
mazda,cx-5,2016,6800,diesel,suv,True,139900,PLN
mazda,cx-5,2013,170000,benzyna,suv,True,62900,PLN
mazda,cx-5,2016,14736,diesel,suv,False,134900,PLN
mazda,cx-5,2015,24648,benzyna,suv,False,68700,PLN
mazda,cx-5,2016,2440,benzyna,suv,True,134900,PLN
mazda,cx-5,2014,135000,benzyna,suv,False,52000,PLN
mazda,cx-5,2014,145604,diesel,suv,False,13200,EUR
mazda,cx-5,2017,18000,benzyna,suv,False,144900,PLN
mazda,cx-5,2016,10000,benzyna,suv,False,74000,PLN
mazda,cx-5,2017,32598,benzyna,suv,True,122900,PLN
mazda,cx-5,2017,1,benzyna,suv,True,154800,PLN
mazda,cx-5,2016,24900,diesel,suv,True,123900,PLN
mazda,cx-5,2016,22259,benzyna,suv,False,51900,PLN
mazda,cx-5,2012,163930,benzyna,suv,True,54900,PLN
mazda,cx-5,2017,19900,benzyna,suv,False,71900,PLN
mazda,cx-5,2012,85500,benzyna,suv,False,70900,PLN
mazda,cx-5,2017,2900,diesel,suv,True,135900,PLN
mazda,cx-5,2016,80000,benzyna,suv,True,87900,PLN
mazda,cx-5,2013,94000,benzyna,suv,False,58600,PLN
mazda,cx-5,2017,7087,benzyna,suv,True,120900,PLN
mazda,cx-5,2017,3800,benzyna,suv,False,124900,PLN
mazda,cx-5,2013,96000,benzyna,suv,False,69990,PLN
mazda,cx-5,2013,132000,diesel,suv,False,31900,PLN
mazda,cx-5,2018,1,benzyna,suv,True,122900,PLN
mazda,cx-5,2018,12000,benzyna,suv,False,69900,PLN
mazda,cx-5,2013,95000,benzyna,suv,False,70000,PLN
mazda,cx-5,2013,92000,benzyna,suv,True,67900,PLN
mazda,cx-5,2016,54000,benzyna,suv,False,85900,PLN
mazda,cx-5,2013,248000,diesel,suv,False,48900,PLN
mazda,cx-5,2014,36951,benzyna,suv,True,62000,PLN
mazda,cx-5,2018,4,benzyna,suv,True,153900,PLN
mazda,cx-5,2013,97000,benzyna,suv,False,75900,PLN
mazda,cx-5,2014,200000,diesel,suv,True,69900,PLN
mazda,cx-5,2017,5770,benzyna,suv,True,138900,PLN
mazda,cx-5,2015,40000,benzyna,suv,True,97700,PLN
mazda,cx-5,2012,224000,diesel,suv,True,52900,PLN
mazda,cx-5,2014,78850,benzyna,suv,False,60000,PLN
mazda,cx-5,2012,80100,benzyna,suv,False,64500,PLN
mazda,cx-5,2016,12710,benzyna,suv,True,119990,PLN
mazda,cx-5,2014,186138,benzyna,suv,False,79900,PLN
mazda,cx-5,2015,119000,diesel,suv,False,36000,PLN
mazda,cx-5,2018,1,benzyna,suv,True,147392,PLN
mazda,cx-5,2013,199000,benzyna,suv,True,51500,PLN
mazda,cx-5,2013,53000,diesel,suv,False,47900,PLN
mazda,cx-5,2017,3968,benzyna,suv,True,114900,PLN
mazda,cx-5,2017,4641,benzyna,suv,True,123900,PLN
mazda,cx-5,2017,29000,diesel,suv,False,66900,PLN
mazda,cx-5,2016,38400,benzyna,suv,False,59000,PLN
mazda,cx-5,2014,184490,diesel,suv,True,57000,PLN
mazda,cx-5,2012,110000,benzyna,suv,False,74900,PLN
mazda,cx-5,2013,169391,diesel,suv,True,52900,PLN
mazda,cx-5,2013,91000,benzyna,suv,False,75900,PLN
mazda,cx-5,2016,26758,benzyna,suv,True,110000,PLN
mazda,cx-5,2016,30000,benzyna,suv,False,74900,PLN
mazda,cx-5,2013,93400,diesel,suv,True,69000,PLN
mazda,cx-5,2016,20000,benzyna,suv,False,41900,PLN
mazda,cx-5,2013,124870,benzyna,suv,False,69900,PLN
mazda,cx-5,2014,140000,benzyna,suv,False,49999,PLN
mazda,cx-5,2012,112000,benzyna,suv,True,61000,PLN
mazda,cx-5,2013,75000,benzyna,suv,True,85000,PLN
mazda,cx-5,2015,35000,benzyna,suv,False,79800,PLN
mazda,cx-5,2017,28000,diesel,suv,False,153900,PLN
mazda,cx-5,2017,38054,diesel,suv,True,136900,PLN
mazda,cx-5,2017,150,benzyna,suv,True,151900,PLN
mazda,cx-5,2018,1,benzyna,suv,True,145824,PLN
mazda,cx-5,2016,2800,benzyna,suv,True,118900,PLN
mazda,cx-5,2016,36000,benzyna,suv,False,72500,PLN
mazda,cx-5,2018,1,benzyna,suv,True,138964,PLN
mazda,cx-5,2014,65230,diesel,suv,True,69900,PLN
mazda,cx-5,2017,5000,benzyna,suv,True,139900,PLN
mazda,cx-5,2018,4,benzyna,suv,True,162800,PLN
mazda,cx-5,2016,14001,benzyna,suv,True,79900,PLN
mazda,cx-5,2015,63600,benzyna,suv,False,26900,PLN
mazda,cx-5,2014,87399,benzyna,suv,True,91799,PLN
mazda,cx-5,2014,30000,benzyna,suv,True,98000,PLN
mazda,cx-5,2018,4,diesel,suv,True,166900,PLN
mazda,cx-5,2014,74000,diesel,suv,True,77900,PLN
mazda,cx-5,2014,83350,diesel,suv,False,28900,PLN
mazda,cx-5,2017,3100,benzyna,suv,False,109000,PLN
mazda,cx-5,2015,116000,benzyna,suv,False,19500,PLN
mazda,cx-5,2017,11171,diesel,suv,True,125900,PLN
mazda,cx-5,2014,130000,benzyna,suv,False,65000,PLN
mazda,cx-5,2014,81000,benzyna,suv,False,38800,PLN
mazda,cx-5,2012,114500,benzyna,suv,True,72900,PLN
mazda,cx-5,2012,95000,benzyna,suv,True,65900,PLN
mazda,mx-5,2016,11500,benzyna,kabriolet,False,67000,PLN
mazda,mx-5,2006,140000,benzyna,kabriolet,True,20000,PLN
mazda,mx-5,2002,149000,benzyna,kabriolet,True,11900,PLN
mazda,mx-5,2007,143000,benzyna,kabriolet,False,24300,PLN
mazda,mx-5,2014,19000,benzyna,kabriolet,True,63500,PLN
mazda,mx-5,2018,1,benzyna,kabriolet,True,107100,PLN
mazda,mx-5,2017,25000,benzyna,kabriolet,True,96900,PLN
mazda,mx-5,2017,3450,benzyna,kabriolet,True,99900,PLN
mazda,mx-5,2015,12665,benzyna,kabriolet,True,84499,PLN
mazda,mx-5,2014,24500,benzyna,kabriolet,True,70900,PLN
mazda,mx-5,2017,8333,benzyna,kabriolet,True,99900,PLN
mazda,mx-5,2018,1,benzyna,kabriolet,True,117100,PLN
mazda,mx-5,2003,190799,benzyna,kabriolet,False,7100,PLN
mazda,mx-5,2016,27000,benzyna,kabriolet,False,60000,PLN
mazda,mx-5,2016,2936,benzyna,kabriolet,False,78900,PLN
mazda,mx-5,2017,1,benzyna,kabriolet,True,117999,PLN
mazda,mx-5,2015,65400,benzyna,kabriolet,True,77500,PLN
mazda,mx-5,2002,178000,benzyna,kabriolet,True,13900,PLN
mazda,mx-5,2017,3,benzyna,kabriolet,True,106000,PLN
mazda,mx-5,1992,197800,benzyna,kabriolet,True,17500,PLN
mazda,mx-5,1991,230000,benzyna,kabriolet,True,13500,PLN
mazda,mx-5,2003,119000,benzyna,kabriolet,False,23300,PLN
mazda,mx-5,2002,192000,benzyna,kabriolet,False,19300,PLN
mazda,mx-5,1999,200500,benzyna,kabriolet,False,9000,PLN
mazda,mx-5,2001,176000,benzyna,kabriolet,True,9500,PLN
mazda,mx-5,1998,195000,benzyna,kabriolet,False,19900,PLN
mazda,mx-5,1997,217000,benzyna,kabriolet,True,17700,PLN
mazda,mx-5,2000,222222,benzyna,kabriolet,False,9400,PLN
mazda,mx-5,1999,175000,benzyna,kabriolet,False,8000,PLN
mazda,mx-5,1991,240000,benzyna,kabriolet,False,12900,PLN
mazda,mx-5,2018,5,benzyna,kabriolet,False,109520,PLN
mazda,mx-5,1998,143585,benzyna,kabriolet,True,6900,PLN
mazda,mx-5,2005,168000,benzyna,kabriolet,True,17999,PLN
mazda,mx-5,2017,2800,benzyna,kabriolet,True,119900,PLN
mazda,mx-5,2016,15600,benzyna,kabriolet,False,54900,PLN
mazda,mx-5,1999,147000,benzyna,kabriolet,False,9900,PLN
mazda,mx-5,2004,176507,benzyna,kabriolet,True,19499,PLN
mazda,mx-5,2018,5,benzyna,kabriolet,True,124100,PLN
mazda,mx-5,1998,149000,benzyna,kabriolet,False,8999,PLN
mazda,mx-5,1994,168000,benzyna,kabriolet,False,15500,PLN
mazda,mx-5,1996,212150,benzyna,kabriolet,True,12900,PLN
mazda,mx-5,2006,230000,benzyna,kabriolet,True,24900,PLN
mazda,mx-5,2000,162000,benzyna,kabriolet,True,12900,PLN
mazda,mx-5,1998,126062,benzyna,kabriolet,True,12000,PLN
mazda,mx-5,2002,148070,benzyna,kabriolet,True,15900,PLN
mazda,mx-5,2002,196395,benzyna,kabriolet,True,11999,PLN
mazda,mx-5,2008,139000,benzyna,kabriolet,True,34900,PLN
mazda,mx-5,2017,17873,benzyna,kabriolet,True,97900,PLN
mazda,mx-5,2018,1,benzyna,kabriolet,True,107016,PLN
mazda,mx-5,2005,120000,benzyna,kabriolet,True,14900,PLN
mazda,mx-5,2001,93020,benzyna,kabriolet,True,17900,PLN
mazda,mx-5,2000,110100,benzyna,kabriolet,False,11500,PLN
mazda,mx-5,2004,97000,benzyna,kabriolet,False,14900,PLN
mazda,mx-5,1995,200300,benzyna,kabriolet,True,17500,PLN
mazda,mx-5,1999,198000,benzyna,kabriolet,True,9999,PLN
mazda,mx-5,2000,177000,benzyna,kabriolet,False,10500,PLN
mazda,mx-5,2016,34000,benzyna,kabriolet,False,69900,PLN
mazda,mx-5,2006,127300,benzyna,kabriolet,True,29900,PLN
mazda,mx-5,2000,169700,benzyna,kabriolet,True,7600,PLN
mazda,mx-5,2002,184652,benzyna,kabriolet,True,12500,PLN
mazda,mx-5,2002,130000,benzyna,kabriolet,False,18800,PLN
mazda,mx-5,2006,148000,benzyna,kabriolet,True,31500,PLN
mazda,mx-5,2016,12000,benzyna,kabriolet,True,94900,PLN
mazda,mx-5,2003,181000,benzyna,kabriolet,False,15900,PLN
mazda,mx-5,2008,97600,benzyna,kabriolet,False,37900,PLN
mazda,mx-5,2002,118000,benzyna,kabriolet,True,19900,PLN
mazda,mx-5,2003,135000,benzyna,kabriolet,False,14300,PLN
mazda,mx-5,2017,20044,benzyna,kabriolet,True,97900,PLN
mazda,mx-5,2000,140000,benzyna,kabriolet,True,12900,PLN
mazda,mx-5,2000,125000,benzyna,kabriolet,True,17000,PLN
mazda,mx-5,2008,4300,benzyna,kabriolet,False,23900,PLN
mazda,mx-5,1998,136000,benzyna,kabriolet,True,16000,PLN
mazda,mx-5,2001,186000,benzyna,kabriolet,False,18900,PLN
mazda,mx-5,2006,181000,benzyna,kabriolet,False,26500,PLN
mazda,mx-5,2009,62000,benzyna,kabriolet,False,39900,PLN
mazda,mx-5,2004,119000,benzyna,kabriolet,False,18800,PLN
mazda,mx-5,2000,189000,benzyna,kabriolet,False,18800,PLN
mazda,mx-5,2001,140000,benzyna,kabriolet,False,18800,PLN
mazda,mx-5,2003,149000,benzyna,kabriolet,False,19900,PLN
mazda,mx-5,2000,135000,benzyna,kabriolet,False,27700,PLN
mazda,mx-5,1996,198000,benzyna,kabriolet,False,13900,PLN
mazda,mx-5,2002,149000,benzyna,kabriolet,False,12999,PLN
mazda,mx-5,2002,168000,benzyna,kabriolet,False,10700,PLN
mazda,mx-5,1999,168000,benzyna,kabriolet,False,9999,PLN
mazda,mx-5,1997,131000,benzyna,kabriolet,False,9999,PLN
mazda,mx-5,2003,16000,benzyna,kabriolet,False,9900,PLN
mazda,mx-5,2010,53000,benzyna,kabriolet,True,46000,PLN
mazda,mx-5,2017,6,benzyna,kabriolet,True,104900,PLN
mazda,mx-5,2009,134000,benzyna,kabriolet,True,39500,PLN
mazda,mx-5,2002,199000,benzyna,kabriolet,True,17900,PLN
mazda,mx-5,2006,133761,benzyna,kabriolet,True,24900,PLN
mazda,mx-5,2001,147000,benzyna,kabriolet,True,12900,PLN
mazda,mx-5,2002,133819,benzyna,kabriolet,False,14780,PLN
mazda,mx-5,1999,257109,benzyna,kabriolet,False,19900,PLN
mazda,mx-5,2008,80000,benzyna,kabriolet,True,35000,PLN
mazda,mx-5,2014,39000,benzyna,kabriolet,True,66900,PLN
mazda,mx-5,2007,200958,benzyna,kabriolet,True,29500,PLN
mazda,mx-5,2017,1,benzyna,kabriolet,True,113900,PLN
mazda,mx-5,2000,100000,benzyna,kabriolet,True,14900,PLN
mazda,mx-5,2002,129000,benzyna,kabriolet,True,12900,PLN
mazda,mx-5,2003,178000,benzyna,kabriolet,False,18400,PLN
mazda,mx-5,2000,132000,benzyna,kabriolet,False,18800,PLN
mazda,mx-5,1999,149000,benzyna,kabriolet,False,14400,PLN
mazda,mx-5,1999,168000,benzyna,kabriolet,False,17400,PLN
mazda,mx-5,1990,230000,benzyna,kabriolet,False,4900,PLN
mazda,mx-5,2016,14000,benzyna,kabriolet,True,77777,PLN
mazda,mx-5,2000,150000,benzyna,kabriolet,False,16900,PLN
mazda,mx-5,2007,109000,benzyna,kabriolet,False,26800,PLN
mazda,mx-5,2007,109000,benzyna,kabriolet,False,33000,PLN
mazda,mx-5,2007,108000,benzyna,kabriolet,False,31900,PLN
mazda,mx-5,2008,85054,benzyna,kabriolet,False,32900,PLN
mazda,mx-5,1995,230111,benzyna,kabriolet,True,9999,PLN
mazda,mx-5,1999,151000,benzyna,kabriolet,False,7000,PLN
mazda,mx-5,2006,78000,benzyna,kabriolet,True,35500,PLN
mazda,mx-5,2003,137000,benzyna,kabriolet,False,10500,PLN
mazda,mx-5,2017,6751,benzyna,kabriolet,False,109900,PLN
mazda,mx-5,2018,1,benzyna,kabriolet,True,137900,PLN
mazda,mx-5,2017,3450,benzyna,kabriolet,True,99900,PLN
mazda,mx-5,2018,5,benzyna,kabriolet,True,122900,PLN
mazda,mx-5,2018,1,benzyna,kabriolet,True,142100,PLN
mazda,mx-5,2018,1,benzyna,kabriolet,True,109200,PLN
mazda,mx-5,1998,160000,benzyna,kabriolet,True,6500,PLN
mazda,mx-5,2001,181000,benzyna,kabriolet,False,14200,PLN
mazda,mx-5,2017,2950,benzyna,kabriolet,True,108900,PLN
mazda,mx-5,2016,4100,benzyna,kabriolet,False,75900,PLN
mazda,mx-5,2006,178100,benzyna,kabriolet,True,25900,PLN
mazda,mx-5,1993,146000,benzyna,kabriolet,False,13800,PLN
mazda,mx-5,2000,216497,benzyna,kabriolet,True,16900,PLN
mazda,mx-5,2017,9237,benzyna,kabriolet,False,114900,PLN
mazda,mx-5,2010,232000,benzyna,kabriolet,False,29000,PLN
mazda,mx-5,2000,168000,benzyna,kabriolet,False,14900,PLN
mazda,mx-5,2017,11700,diesel,kabriolet,False,127900,PLN
mazda,mx-5,1998,174000,benzyna,kabriolet,True,7999,PLN
mazda,mx-5,2002,134124,benzyna,kabriolet,False,14200,PLN
mazda,mx-5,2017,2500,benzyna,kabriolet,True,114900,PLN
mazda,mx-5,2004,160400,benzyna,kabriolet,True,15900,PLN
mazda,mx-5,1999,149000,benzyna,kabriolet,True,7900,PLN
mazda,mx-5,2016,28957,benzyna,kabriolet,True,83500,PLN
mazda,mx-5,2003,154000,benzyna,kabriolet,True,18900,PLN
mazda,mx-5,1999,122500,benzyna,kabriolet,False,9900,PLN
mazda,mx-5,1999,126000,benzyna,kabriolet,True,12700,PLN
mazda,mx-5,2006,130000,benzyna,kabriolet,True,28500,PLN
mazda,mx-5,1998,152300,benzyna,kabriolet,False,8500,PLN
mazda,mx-5,2015,19000,benzyna,kabriolet,True,58159,PLN
mazda,mx-5,2006,110200,benzyna,kabriolet,False,29900,PLN
mazda,mx-5,1999,211200,benzyna,kabriolet,False,7500,PLN
mazda,mx-5,2010,77477,benzyna,kabriolet,True,32900,PLN
mazda,mx-5,2016,6800,benzyna,kabriolet,True,69999,PLN
mazda,mx-5,1998,230000,benzyna,kabriolet,False,7800,PLN
mazda,mx-5,2001,150000,benzyna,kabriolet,True,16900,PLN
mazda,mx-5,2002,164000,benzyna,kabriolet,True,8900,PLN
mazda,mx-5,2016,29000,benzyna,kabriolet,True,83900,PLN
mazda,mx-5,2001,190000,benzyna,kabriolet,False,15900,PLN
mazda,mx-5,1999,180000,benzyna,kabriolet,True,12800,PLN
mazda,mx-5,2009,30000,benzyna,kabriolet,False,42000,PLN
mazda,mx-5,2007,127000,benzyna+lpg,kabriolet,False,25500,PLN
mazda,mx-5,2001,144000,benzyna,kabriolet,True,12900,PLN
mazda,mx-5,1998,107000,benzyna,kabriolet,False,70000,PLN
mazda,mx-5,2017,14179,benzyna,kabriolet,True,102000,PLN
mazda,mx-5,2016,6863,benzyna,kabriolet,True,89999,PLN
mercedes-benz,amg_gt,2017,3200,benzyna,kabriolet,False,599900,PLN
mercedes-benz,amg_gt,2015,37000,benzyna,coupe,True,475000,PLN
mercedes-benz,amg_gt,2018,3,benzyna,coupe,True,699000,PLN
mercedes-benz,amg_gt,2018,1,benzyna,coupe,True,932737,PLN
mercedes-benz,amg_gt,2018,5,benzyna,coupe,True,892800,PLN
mercedes-benz,amg_gt,2018,5,benzyna,coupe,True,945242,PLN
mercedes-benz,amg_gt,2017,5,benzyna,coupe,True,783900,PLN
mercedes-benz,amg_gt,2011,45000,benzyna,coupe,True,68300,PLN
mercedes-benz,amg_gt,2017,4222,benzyna,coupe,True,599900,PLN
mercedes-benz,amg_gt,2018,1,benzyna,coupe,True,671925,PLN
mercedes-benz,amg_gt,2017,3790,benzyna,kabriolet,True,739000,PLN
mercedes-benz,amg_gt,2018,6,benzyna,kabriolet,True,938993,PLN
mercedes-benz,amg_gt,2018,5,benzyna,kabriolet,True,913899,PLN
mercedes-benz,amg_gt,2018,8,benzyna,kabriolet,True,967531,PLN
mercedes-benz,amg_gt,2018,1,benzyna,kabriolet,True,967531,PLN
mercedes-benz,amg_gt,2016,13000,benzyna,coupe,False,284900,PLN
mercedes-benz,amg_gt,2018,8,benzyna,coupe,True,892800,PLN
mercedes-benz,amg_gt,2018,221,benzyna,coupe,False,181379,EUR
mercedes-benz,amg_gt,2018,1,benzyna,coupe,True,830500,PLN
mercedes-benz,amg_gt,2018,2500,benzyna,coupe,True,859000,PLN
mercedes-benz,amg_gt,2018,1,benzyna,coupe,True,856669,PLN
mercedes-benz,amg_gt,2018,3,benzyna,coupe,True,846900,PLN
mercedes-benz,amg_gt,2018,2700,benzyna,coupe,True,859000,PLN
mercedes-benz,amg_gt,2018,5,benzyna,coupe,True,966893,PLN
mercedes-benz,amg_gt,2018,7,benzyna,kabriolet,True,791207,PLN
mercedes-benz,amg_gt,2015,16400,benzyna,coupe,True,460000,PLN
mercedes-benz,amg_gt,2018,5,benzyna,coupe,True,702300,PLN
mercedes-benz,amg_gt,2018,5,benzyna,coupe,True,892200,PLN
mercedes-benz,amg_gt,2018,2000,benzyna,coupe,True,932257,PLN
mercedes-benz,amg_gt,2018,5,benzyna,coupe,True,699000,PLN
mercedes-benz,amg_gt,2018,1,benzyna,coupe,True,830530,PLN
mercedes-benz,amg_gt,2018,9,benzyna,coupe,True,785166,PLN
mercedes-benz,amg_gt,2016,29999,benzyna,coupe,False,519000,PLN
mercedes-benz,amg_gt,2016,12000,benzyna,coupe,False,430000,PLN
mercedes-benz,amg_gt,2016,16940,benzyna,coupe,True,549900,PLN
mercedes-benz,amg_gt,2018,8,benzyna,coupe,True,1036360,PLN
mercedes-benz,amg_gt,2018,10,benzyna,coupe,True,846200,PLN
mercedes-benz,amg_gt,2015,9000,benzyna,coupe,True,579900,PLN
mercedes-benz,amg_gt,2018,7,benzyna,coupe,True,854900,PLN
mercedes-benz,amg_gt,2015,76000,benzyna,coupe,False,31900,PLN
mercedes-benz,amg_gt,2018,1,benzyna,sedan,False,633390,PLN
mercedes-benz,amg_gt,2018,5,benzyna,coupe,True,861300,PLN
mercedes-benz,amg_gt,2016,81000,benzyna,coupe,True,497700,PLN
mercedes-benz,amg_gt,2015,51700,benzyna,coupe,True,529000,PLN
mercedes-benz,amg_gt,2015,25000,benzyna,coupe,True,499000,PLN
mercedes-benz,amg_gt,2018,5,benzyna,coupe,True,599900,PLN
mercedes-benz,amg_gt,2017,11500,benzyna,coupe,False,583900,PLN
mercedes-benz,amg_gt,2018,4,benzyna,coupe,True,916399,PLN
mercedes-benz,amg_gt,2017,5000,benzyna,coupe,True,439900,PLN
mercedes-benz,amg_gt,2016,20660,benzyna,coupe,True,459000,PLN
mercedes-benz,amg_gt,2017,40,benzyna,coupe,True,835000,PLN
mercedes-benz,amg_gt,2017,3216,benzyna,suv,False,270000,PLN
mercedes-benz,amg_gt,2017,16740,benzyna,kabriolet,False,150000,PLN
mercedes-benz,amg_gt,2015,13500,benzyna,coupe,False,385000,PLN
mercedes-benz,amg_gt,2016,15962,benzyna,coupe,False,185000,PLN
seat,leon,2018,5,benzyna,kombi,True,80900,PLN
seat,leon,2018,5,benzyna,kombi,True,95500,PLN
mazda,3,2017,11500,benzyna,sedan,True,83900,PLN
citron,c3_pluriel,2003,98000,benzyna,kabriolet,True,3200,PLN
volvo,s40,2009,167000,diesel,sedan,True,24999,PLN
mercedes-benz,klasa_a,2018,5,benzyna,kompakt,True,142900,PLN
volkswagen,passat,2017,38724,diesel,kombi,True,99900,PLN
volkswagen,transporter,2009,259319,diesel,minivan,True,32800,PLN
audi,a7,2011,175000,diesel,sedan,False,104900,PLN
audi,q5,2018,3,diesel,suv,True,188900,PLN
audi,a6,2018,3,diesel,kombi,True,187500,PLN
audi,a4,2018,3,benzyna,sedan,True,133900,PLN
audi,a4,2018,3,benzyna,sedan,True,133900,PLN
audi,a6,2018,3,diesel,sedan,True,175200,PLN
ford,focus,2009,163541,diesel,coupe,False,15300,PLN
audi,q5,2018,1,benzyna,suv,True,212900,PLN
audi,a4,2018,3,benzyna,sedan,True,142900,PLN
audi,a4,2018,1,benzyna,sedan,True,129900,PLN
audi,q5,2018,3,diesel,suv,True,192900,PLN
audi,q3,2018,3,benzyna,suv,True,127900,PLN
audi,q3,2018,3,benzyna,suv,True,136500,PLN
audi,q5,2018,3,diesel,suv,True,192900,PLN
ford,focus,2006,187000,benzyna+lpg,kompakt,False,12800,PLN
volkswagen,multivan,2018,10,diesel,minivan,True,181900,PLN
citron,c3_aircross,2017,7400,diesel,kompakt,True,69900,PLN
mercedes-benz,klasa_v,2016,51000,diesel,minivan,True,161500,PLN
volkswagen,passat,2018,5,diesel,sedan,True,119900,PLN
volkswagen,passat,2018,5,benzyna,sedan,True,110400,PLN
mercedes-benz,klasa_e,2009,32976,benzyna,sedan,True,199000,PLN
audi,a4,2006,237000,diesel,kombi,False,18999,PLN
porsche,911,2013,39500,benzyna,kabriolet,True,380000,PLN
chevrolet,captiva,2009,183000,benzyna+lpg,suv,True,28900,PLN
seat,leon,2018,5,benzyna,kombi,True,80900,PLN
seat,leon,2018,5,benzyna,kombi,True,95500,PLN
mazda,3,2017,11500,benzyna,sedan,True,83900,PLN
citron,c3_pluriel,2003,98000,benzyna,kabriolet,True,3200,PLN
volvo,s40,2009,167000,diesel,sedan,True,24999,PLN
mercedes-benz,klasa_a,2018,5,benzyna,kompakt,True,142900,PLN
volkswagen,passat,2017,38724,diesel,kombi,True,99900,PLN
volkswagen,transporter,2009,259319,diesel,minivan,True,32800,PLN
audi,a7,2011,175000,diesel,sedan,False,104900,PLN
audi,q5,2018,3,diesel,suv,True,188900,PLN
audi,a6,2018,3,diesel,kombi,True,187500,PLN
audi,a4,2018,3,benzyna,sedan,True,133900,PLN
audi,a4,2018,3,benzyna,sedan,True,133900,PLN
audi,a6,2018,3,diesel,sedan,True,175200,PLN
ford,focus,2009,163541,diesel,coupe,False,15300,PLN
audi,q5,2018,1,benzyna,suv,True,212900,PLN
audi,a4,2018,3,benzyna,sedan,True,142900,PLN
audi,a4,2018,1,benzyna,sedan,True,129900,PLN
audi,q5,2018,3,diesel,suv,True,192900,PLN
audi,q3,2018,3,benzyna,suv,True,127900,PLN
audi,q3,2018,3,benzyna,suv,True,136500,PLN
audi,q5,2018,3,diesel,suv,True,192900,PLN
ford,focus,2006,187000,benzyna+lpg,kompakt,False,12800,PLN
volkswagen,multivan,2018,10,diesel,minivan,True,181900,PLN
citron,c3_aircross,2017,7400,diesel,kompakt,True,69900,PLN
mercedes-benz,klasa_v,2016,51000,diesel,minivan,True,161500,PLN
volkswagen,passat,2018,5,diesel,sedan,True,119900,PLN
volkswagen,passat,2018,5,benzyna,sedan,True,110400,PLN
mercedes-benz,klasa_e,2009,32976,benzyna,sedan,True,199000,PLN
audi,a4,2006,237000,diesel,kombi,False,18999,PLN
porsche,911,2013,39500,benzyna,kabriolet,True,380000,PLN
chevrolet,captiva,2009,183000,benzyna+lpg,suv,True,28900,PLN
seat,leon,2018,5,benzyna,kombi,True,80900,PLN
seat,leon,2018,5,benzyna,kombi,True,95500,PLN
mazda,3,2017,11500,benzyna,sedan,True,83900,PLN
citron,c3_pluriel,2003,98000,benzyna,kabriolet,True,3200,PLN
volvo,s40,2009,167000,diesel,sedan,True,24999,PLN
mercedes-benz,klasa_a,2018,5,benzyna,kompakt,True,142900,PLN
volkswagen,passat,2017,38724,diesel,kombi,True,99900,PLN
volkswagen,transporter,2009,259319,diesel,minivan,True,32800,PLN
audi,a7,2011,175000,diesel,sedan,False,104900,PLN
audi,q5,2018,3,diesel,suv,True,188900,PLN
audi,a6,2018,3,diesel,kombi,True,187500,PLN
audi,a4,2018,3,benzyna,sedan,True,133900,PLN
audi,a4,2018,3,benzyna,sedan,True,133900,PLN
audi,a6,2018,3,diesel,sedan,True,175200,PLN
ford,focus,2009,163541,diesel,coupe,False,15300,PLN
audi,q5,2018,1,benzyna,suv,True,212900,PLN
audi,a4,2018,3,benzyna,sedan,True,142900,PLN
audi,a4,2018,1,benzyna,sedan,True,129900,PLN
audi,q5,2018,3,diesel,suv,True,192900,PLN
audi,q3,2018,3,benzyna,suv,True,127900,PLN
audi,q3,2018,3,benzyna,suv,True,136500,PLN
audi,q5,2018,3,diesel,suv,True,192900,PLN
ford,focus,2006,187000,benzyna+lpg,kompakt,False,12800,PLN
volkswagen,multivan,2018,10,diesel,minivan,True,181900,PLN
citron,c3_aircross,2017,7400,diesel,kompakt,True,69900,PLN
mercedes-benz,klasa_v,2016,51000,diesel,minivan,True,161500,PLN
volkswagen,passat,2018,5,diesel,sedan,True,119900,PLN
volkswagen,passat,2018,5,benzyna,sedan,True,110400,PLN
mercedes-benz,klasa_e,2009,32976,benzyna,sedan,True,199000,PLN
audi,a4,2006,237000,diesel,kombi,False,18999,PLN
porsche,911,2013,39500,benzyna,kabriolet,True,380000,PLN
chevrolet,captiva,2009,183000,benzyna+lpg,suv,True,28900,PLN
